SampleName,Actinobacteria,Bacteroidetes,Candidatus_Saccharibacteria,Chloroflexi,Cohort,Deinococcus-Thermus,Firmicutes,Fusobacteria,Lentisphaerae,Proteobacteria,Spirochaetes,Synergistetes,Tenericutes,Unclassified_Bacteria,Verrucomicrobia
DRR127524,0.006918639207322867,0.6251043827120809,4.341616644415397e-05,0.0,Healthy,0.0,0.3204883233849928,3.0830123871554684e-05,3.056728433353139e-05,0.04499976177394133,1.3584641548229328e-05,0.0001851451194713328,0.0,0.00011917971611705012,5.599560470003394e-05
DRR127532,0.041776888809746636,0.34811892158131785,0.000252863701850516,0.0,Healthy,5.196853227211408e-05,0.4979253925409656,6.722475879099013e-05,0.0,0.10882265103695753,0.0,0.0016975338183531628,0.0,4.0737180042984935e-05,0.0
DRR127535,0.1370945770605016,0.6055166941031955,0.0,0.0,Healthy,0.0,0.22219620275156354,0.0,0.0005140099093481549,0.032504281130615154,0.0,0.0,0.0,0.00035620705252832564,0.0
DRR127537,0.3854789708999646,0.13354365698401707,8.074143903717156e-05,0.0,Healthy,0.0,0.3580449301612573,3.6128499978333864e-05,0.0,0.12095692972315243,0.0,0.0,0.0,7.551294545685044e-05,6.417583880673826e-05
DRR127546,0.0031352602998737013,0.6301821759143265,7.198515279077363e-05,0.0,Healthy,0.0,0.3528016013000988,2.3805131631130332e-05,0.0,0.010614192383190606,0.000555971749465366,0.0,0.0,0.00055202759093292,0.0
DRR127552,0.06784851410575518,0.6401495471568587,3.30979128707613e-05,0.0,Healthy,0.0,0.21372054378861471,0.04214449364714416,0.0,0.034913722744736884,0.0,0.0,0.0,2.1964198300049644e-05,0.0
DRR127583,0.0021060225267577736,0.5540820008018822,1.9271205915926528e-05,0.0,Healthy,0.0,0.4390249564879538,0.0,0.0,0.0030696709900879717,0.0,0.0,0.0,6.884050999229679e-05,0.00029667319739762836
DRR127588,0.052451099273632236,0.4954756528512455,2.8646103218254852e-05,0.0,Healthy,0.0,0.4473459544132643,0.0005180122386642436,0.0,0.0028985333895016558,0.0,0.0,0.0,0.00010386968615289915,0.0
DRR127596,0.09859899381979967,0.03227611467755996,2.605810481253891e-05,0.0,Healthy,0.0,0.7263735488678523,0.0021853566530859177,0.0,0.13862496293243678,0.0,3.873719547850886e-05,0.0,2.1132254051670526e-05,0.0
DRR127597,0.01246780033496352,0.6544717825073993,1.5172581692515165e-05,0.0,Healthy,0.0,0.3076734492519358,3.624967500845808e-05,0.0,0.020450020475432183,7.210909428460417e-05,0.0007060734743823876,0.0,0.0002210763362781915,0.0018029859012904132
DRR127613,0.01669590097484213,0.5789601012704114,0.0,0.0,Healthy,0.0,0.37083175761385706,0.0054811956489380755,0.0,0.02574753938767309,4.109608100854094e-05,8.353455732298877e-05,0.0,5.453233686516485e-05,0.0
DRR127616,0.1190812775232902,0.3919138732928595,2.721294950827477e-05,0.0,Healthy,0.0,0.46734561045795503,2.689539705876082e-05,0.0,0.01980021481086868,0.0,5.251842763659744e-05,0.0,0.0004373056590819411,0.00023701182856959683
DRR127619,0.019343556106596,0.6474846030907067,1.123782103082527e-05,0.0,Healthy,0.0,0.2648745215120599,0.010435808926524768,0.0,0.05639455473883748,0.0,0.0,0.0,7.883856958302123e-05,0.0
DRR127628,0.04733708837841714,0.4745462817431432,3.351514534713286e-05,0.0,Healthy,0.0,0.4373834552876865,0.0,0.0,0.03871046782423216,0.0002121784975134432,0.0,0.0,3.413747514175361e-05,0.00013065565866982845
DRR127634,0.09896358642576518,0.5954327743252065,4.297129986243112e-05,0.0,Healthy,0.0,0.2606807653288178,0.030159020180794506,0.0,0.013158368520872665,0.0,0.0,0.0,0.00015764677960221785,0.0
DRR127649,0.06159068847922111,0.4567111782511176,3.466148447165072e-05,0.0,Healthy,0.0,0.4265569064889613,0.0,0.0005515520543858971,0.0222245054787146,0.0,0.0001130612696186102,0.0,1.6640643222337298e-05,0.0303268923301617
DRR127672,0.0035336856449330618,0.7273034115120229,1.6484043254231665e-05,0.0,Healthy,0.0,0.24265302966034386,0.0,0.0,0.025421795951811918,1.1193601566399394e-05,0.0,0.0,0.00011731826200967149,0.0
DRR127683,0.0007818174057200426,0.8799516076302045,0.0,0.0,Healthy,0.0,0.10948780119970386,4.419014067823037e-05,0.0,0.008928460308386852,0.0,0.0,0.0,0.0,0.0
DRR127692,0.04162218484729521,0.5922652908683654,0.0,0.0,Healthy,0.0,0.3377349791722241,0.0,0.0,0.02671087588833099,0.0,0.0,0.0,1.6163033776901917e-05,0.0
DRR127704,0.0156231488697269,0.6693296532440225,0.0,0.0,Healthy,0.0,0.29047492528248603,0.0,0.00010109233028524662,0.020528920360981445,0.0,0.0,0.0,0.0,0.002709931533832429
DRR127707,0.04312535244233832,0.5491371021317629,0.000122973817843844,0.0,Healthy,0.0,0.3933024605927861,9.664150338828326e-05,0.0,0.007287894166453613,9.263887391180274e-05,0.0,0.0,0.005527520252044107,0.0
DRR127713,0.0006750364956485986,0.7752639264550013,8.414411033751728e-05,0.0,Healthy,0.0,0.2185124270967675,1.1983742130447094e-05,0.0,0.003981608129940105,5.206509255532161e-05,0.0,0.0,0.00023672101007132955,1.07767497482094e-05
DRR127721,0.0026538708129494053,0.5813407917948131,3.6015013393257376e-05,0.0,Healthy,0.0,0.33241719564817224,0.028085180776683292,0.0,0.0536752678362266,0.0,0.0,0.0,0.0004527226830793663,0.0
DRR127724,0.006219147682724717,0.6242756882389557,4.710806888633959e-05,0.0,Healthy,0.0,0.33219607497018205,0.002616805916022195,0.0,0.03310595842259747,0.0,0.0,0.0,0.0004192673794228444,0.0
DRR127728,0.01948176577921745,0.8071006865869829,5.359056958654766e-05,0.0,Healthy,0.0,0.13409179656041562,0.000377837509604933,0.0,0.03696755530825708,0.0,1.126952825859361e-05,0.0,0.0,4.104851328795888e-05
DRR127731,0.14525311411750355,0.4785024781597372,0.0,0.0,Healthy,0.0,0.3168951644915887,0.010058548342118893,0.0,0.04450567113631237,6.619235063099342e-05,0.0,0.0,3.238720751676903e-05,0.003512617154296244
DRR127736,0.039851811412813666,0.6295700056542248,1.1637285668985131e-05,0.0,Healthy,0.0,0.1609940869842566,0.1100257618373491,0.0,0.058412830115062174,0.0,0.0,0.0,4.0292302514463546e-05,0.0
DRR127748,0.3457828639802712,0.23392297865817605,5.17384522719856e-05,0.0,Healthy,0.0,0.3896832273092279,0.00017174796992214784,0.0,0.028333557061932482,0.0,0.0,0.0,0.0007241045593318433,0.0
DRR127751,0.5787670488781174,0.007011497077427726,7.10374526902576e-05,0.0,Healthy,0.0,0.30315968390179593,0.03039995111436653,0.0,0.07864840141748819,1.2265049569649899e-05,7.411908025900536e-05,0.0,0.0,0.0
DRR127752,0.01277528498582661,0.3551114635827866,3.7953841038969067e-05,0.0,Healthy,0.0,0.36019676941758044,0.2420317688677525,0.0,0.02741697370819138,5.1116045691391524e-05,0.0,0.0,0.0011783240307465213,0.0
DRR127755,0.06019045010171041,0.34893920007361084,0.0,0.0,Healthy,0.0,0.532646520460607,0.0,0.0,0.056123153736999526,8.097785686093672e-05,0.00010869480943710976,0.0,4.766772415261875e-05,2.880743592732123e-05
DRR127756,0.030579883173127827,0.1993697751083752,0.00018854548273775751,4.643053148202781e-05,Healthy,0.0,0.6668032156964779,0.004746478876507954,0.0,0.0959342408404429,5.60848197776139e-05,3.005155702422581e-05,0.0,1.950186345353647e-05,0.0
DRR127762,0.0044888140796510686,0.6262769099959712,0.0,0.0,Healthy,0.0,0.3419955853827603,0.0,0.0001302045988089098,0.02405645992808445,0.0,1.211883718197484e-05,0.0,0.0014081141126520984,6.101261809398767e-05
DRR127763,0.021986292727641858,0.4758945060965992,0.0,0.0,Healthy,0.0,0.4761253908121254,1.5797007129828484e-05,0.0,0.021136587791330784,0.0,0.0,0.0,0.0005439188487033347,0.0027514930148961943
DRR127776,0.460313850417521,0.10820312734579736,1.1305571907997764e-05,0.0,Healthy,0.0,0.4120899867871127,0.0,0.0,0.008457666368878795,0.0,0.0,0.0,0.0004281211362926363,0.009321516214687455
DRR127777,0.17195061902881673,0.20083927857224854,1.4864233270209549e-05,0.0,Healthy,0.0,0.6040537552063359,0.0,0.0,0.0213737605167651,0.0,0.0,0.0,9.956895793492276e-05,5.196961544075204e-05
DRR162775,0.010618523694688978,0.5345130815432514,2.389425539675329e-05,0.0,Healthy,0.0,0.3607909121764479,0.025621354731063885,0.0,0.06651827461075005,0.0,0.00012539986070213697,0.0,0.0,2.4588700326628627e-05
DRR162776,0.07844624244645368,0.6808329886402351,4.83639997272174e-05,0.0,Healthy,2.1160710296454646e-05,0.21803483492829875,0.0060117968147990475,0.0,0.015027897257807354,1.5470164064185143e-05,0.0,0.0,0.0,1.3864974477401998e-05
DRR171467,0.018740174460206125,0.04499197745150312,2.8755341922775983e-05,0.0,Healthy,0.0,0.7654581473851741,0.002547200403225759,0.0,0.07078581267760667,0.09577941961512748,0.0,0.0,4.203771697529388e-05,0.0
DRR171469,0.050914438544062274,0.4049288634344561,0.0,0.0,Healthy,0.0,0.4689564791989331,0.0011863565403205335,0.00022397003813477944,0.06953955004293004,0.0,0.00036883833331849885,0.0,0.00014232649986569112,0.0017125706768637947
DRR171474,0.006510319185861557,0.7112815392903473,1.6720185726964633e-05,0.0,Healthy,0.0,0.2594869403520894,0.015091135316503891,0.0,0.006292760506297928,0.0,0.0,0.0,1.0901754332325237e-05,0.0
DRR171477,0.0632652332248135,0.46499265474216106,0.00018353157128171767,0.0,Healthy,8.013616474252094e-05,0.3788952180209752,0.0028542435357632274,0.0,0.05258004201406174,0.0,0.0,0.0,0.001982090980191586,0.03331091731209236
DRR171479,0.02465632841276386,0.16885922296292075,1.4288799227746775e-05,4.8553696721052834e-05,Healthy,0.00020467120127941392,0.332501248281803,0.0007390667023191872,0.0,0.4702649066959134,0.0002275550421254172,0.00039472153376040486,0.0,5.903677019554185e-05,4.322565554204711e-05
DRR171487,0.01154467563395396,0.6313561234254423,1.0872340949162095e-05,0.0,Healthy,0.0,0.341362687506587,0.0,0.0003200726112490017,0.013697864060953802,0.0,8.088544370889483e-05,0.0,0.00018199130284543048,0.00029784420603980833
DRR171488,0.005617365874333305,0.08991413956816602,0.00017753280417218313,0.0,Healthy,5.3297090622619755e-05,0.057920513178220515,0.0,0.0,0.8439933550358424,0.0007209715104215027,0.0,0.0,0.0,0.0
DRR171497,0.030930927076215507,0.5777726657039598,2.8961045058304248e-05,0.0,Healthy,0.0,0.2805407500739799,0.0008998804903438697,0.0,0.10794041301719944,0.0,0.0,0.0,0.00015990125135538334,0.0
DRR171499,0.005256517735427585,0.7348855979568654,0.0,0.0,Healthy,0.0,0.2549052640419765,1.016933370308503e-05,0.0,0.0039154244729321785,1.1026266834038181e-05,0.0,0.0,1.7952244942300072e-05,0.0
DRR171500,0.015661794025551068,0.4118882686042701,4.639888307527198e-05,0.0,Healthy,0.0,0.4959130381478064,0.0,0.0,0.031007461996086942,1.7000780983102583e-05,8.022826941514707e-05,1.2646370761841732e-05,1.111603226229324e-05,0.04378710457995398
DRR171503,0.0017772282289019552,0.6281429560504215,0.0,0.0,Healthy,0.0,0.3089050249409985,0.0445402120731676,0.0,0.014980323326102706,4.5523646686609384e-05,2.0993551804764866e-05,0.0,3.8238072186562346e-05,0.0
DRR171506,0.009929084388130456,0.5152078678462845,1.8063238050829306e-05,0.0,Healthy,0.0,0.4434968774042004,0.0036783125236165438,0.0,0.026100991577809245,0.0,1.29268569843988e-05,0.0,1.1231572489977724e-05,0.0
DRR171509,0.23461610851869116,0.4035620986689986,7.332851978012148e-05,0.0,Healthy,0.0,0.33014890215727155,2.8368293419936243e-05,0.0017520468745556928,0.010638049992144244,1.1793602054738515e-05,0.006330283071014125,0.0,9.893437566576356e-05,0.011074676630849543
DRR171513,0.021473260287147168,0.4265299408665201,3.372653942358807e-05,0.0,Healthy,0.0,0.4399906600709856,0.00044214470906867053,0.0,0.10743728860202882,0.0,0.0,0.0,0.0024757071236554107,0.0
DRR171514,0.0258491617045355,0.5519549430784959,0.0001021036196234749,0.0,Healthy,0.0,0.4095630188684045,0.0,0.00048080382566992335,0.0020129112683355157,1.4496015961403806e-05,0.0,0.0,0.0003002716517902294,0.008632031953055692
DRR171515,0.027358931309975118,0.3142334691129688,2.286242180252865e-05,0.0,Healthy,0.0,0.6327718417823218,0.0039373648865108244,0.00010706440692162265,0.020529295608191986,0.0,0.0,0.0,6.49612607746907e-05,0.0
DRR171517,0.040721251702570266,0.7499037558858004,0.0,0.0,Healthy,0.0,0.1817764873639517,0.0,0.0,0.024212405591037062,0.0,0.0,0.0,2.8394236560853246e-05,0.002123483619375758
DRR171518,0.020841070729376358,0.7075815639375677,0.0,0.0,Healthy,0.0,0.2206836188769982,0.0,0.0,0.04941542968784338,0.0,0.000635788555819504,0.0,0.0,0.0
DRR171523,0.05459774747216009,0.3054756582450526,3.1898941633982605e-05,0.0,Healthy,0.0,0.5913512805898058,0.0,0.0,0.046779802880140685,0.0,0.0,0.0,0.0004196696424252761,0.0
DRR171525,0.05906157290009264,0.5606080081915757,3.994550367617331e-05,0.0,Healthy,1.1689303036548066e-05,0.3666786213728228,0.0,0.0,0.012184022867028526,0.0,1.0824975950683963e-05,0.0,0.0002060919498601298,0.0
DRR171527,0.07654224538727565,0.541251546982299,4.6515721220023215e-05,0.0,Healthy,0.0,0.36203768246615,2.560122159368428e-05,0.0,0.01801651905810587,0.00017304000039529576,0.0,0.0,0.0006870015195706603,0.0
DRR171530,0.0027757651901419342,0.7805648051254086,0.0,0.0,Healthy,0.0,0.19016917445497014,0.00020385326582278,0.0,0.02513926565162076,0.0,0.0,0.0,2.2782612130058223e-05,0.0
DRR171538,0.013117821588282823,0.6881291754594342,0.0,0.0,Healthy,0.0,0.2589371810421945,0.0,0.0,0.03798155569504438,0.0,0.0002239895897716925,0.0,7.902960747866316e-05,6.881395815751322e-05
DRR171539,0.04097250232866426,0.544667617327042,2.0151247091574368e-05,0.0,Healthy,0.0,0.347107453819526,6.776468853447272e-05,0.0,0.0436707631510535,1.077538168822688e-05,0.0,0.0,0.0001018224768361381,0.021585218549501
DRR171543,0.010291500269552464,0.7683484993229839,2.380010695275173e-05,0.0,Healthy,0.0,0.21917830696137486,0.0,0.0,0.0007981064062353988,0.0,0.0,0.0,8.22086883229278e-05,0.0002797897901786751
DRR171545,0.09279152234545253,0.4256869637795699,9.48720672398208e-05,0.0,Healthy,0.0,0.3591406588935247,1.1465905397095744e-05,0.02232501780362018,0.02769795648606122,3.210212532989069e-05,1.7133125534049454e-05,0.0,6.689885581036314e-05,0.07044971317746644
DRR171546,0.028162373911929363,0.7273160616542309,0.0,0.0,Healthy,0.0,0.19897577090004528,0.013021727422896829,0.0,0.031083635196120805,0.0,0.0,0.0,0.00031751043984195936,0.0
DRR171552,0.07184304271825663,0.458011823434043,1.0411016538425103e-05,0.0,Healthy,0.0,0.43774231248103707,1.4975330660032019e-05,0.0,0.01874386086847412,0.01256888865383938,0.0,0.0,2.1734589749697305e-05,0.0
DRR171555,0.022779423897503308,0.6572221496653848,0.0,0.0,Healthy,0.0,0.2765046003649645,0.0,0.0,0.042469040665444185,2.6463053470930663e-05,0.0,0.0,0.0,0.0
DRR171560,0.005433843644111611,0.5886221651650616,2.0133078807658162e-05,0.0,Healthy,0.0,0.19866907946191795,0.0,0.0,0.20622636693495747,0.0,0.0,0.0,2.0077736211928353e-05,0.0
DRR171563,0.11433727739320612,0.4109483914225448,2.540787790686495e-05,0.0,Healthy,0.0,0.4239659449934732,0.00034457057424697364,0.0,0.048169496421233186,0.0,0.0,0.0,0.0005756928370806961,0.0
DRR171567,0.006182688846321572,0.5595549559622035,1.1508531639739184e-05,0.0,Healthy,0.0,0.4266225107719958,0.0,0.0,0.005315875459617988,0.0,0.0,0.0,0.0008881687322145088,0.0
DRR171568,0.02069652148830917,0.6086106853045423,0.0,0.0,Healthy,0.0,0.3540684074188883,0.0,4.77688329545853e-05,0.01431236709058644,0.00010954475011240148,0.0002262248184588583,0.0,0.00024758153480017374,1.1218257761141922e-05
DRR171569,0.0979204788433219,0.4274820066522745,1.7380405861315438e-05,0.0,Healthy,0.0,0.4536874160649113,2.0285722313917967e-05,0.0,0.01596951000622574,0.0,0.0,0.0,6.696842322376963e-05,0.0036766695108313772
DRR171571,0.00158780072055458,0.7411931904863207,1.4981051590105246e-05,0.0,Healthy,0.0,0.19365849978512445,0.0,0.0,0.012514695668005704,2.093625436322581e-05,0.0,0.0,0.00019187981037313602,0.04972218991664139
DRR171572,0.06958398111121282,0.4537395785074008,2.9457678987545912e-05,0.0,Healthy,0.0,0.4441329763406632,0.0,2.1209360664828233e-05,0.024980576172112124,3.163595663197705e-05,6.550262551124257e-05,0.0,0.0016047921525952306,0.003705662238977729
DRR171576,0.00598026026535311,0.009449765757059076,0.0,0.0,Healthy,2.465085574274456e-05,0.34321518539841794,0.3512852751979197,0.0,0.2867303778110206,0.0,0.0,0.0,0.0019570867466927443,0.0
DRR171578,0.020558422068685047,0.8383304710148671,0.0,0.0,Healthy,0.0,0.13118788119631908,1.2089285662817635e-05,0.0,0.00854740192585466,0.0,0.0,0.0,0.00011184042420677676,0.0001041614622134933
DRR171580,0.0999586547789736,0.5711093123159469,5.7790078526971486e-05,0.0,Healthy,0.0,0.2834799663664294,0.01735543965299331,3.0367918979773432e-05,0.0261263744951328,0.0,1.0738927289118537e-05,0.0,0.00037970173417595086,0.0
DRR171581,0.0523968821690878,0.692991467172966,0.00015827180044190878,0.0,Healthy,0.0,0.2436760603337581,0.001293556552739166,0.0,0.007952984773183656,1.3350408913587035e-05,7.856164020977215e-05,0.0,1.0795873291542336e-05,8.848007658729497e-05
DRR171585,0.033153461870908965,0.2823978441649518,0.0,0.0,Healthy,0.0,0.6681919144316839,3.3803320258766306e-05,0.00011618500683914336,0.008963755279266081,0.00014820468212225154,7.614722887980442e-05,0.0,0.00031436980834366143,0.005310940567962282
DRR171586,0.0831422416246929,0.389771587105984,1.89350350795636e-05,0.0,Healthy,0.0,0.4993533324636698,0.0,5.199672898546319e-05,0.02487193155759141,1.4282107214334353e-05,1.5110436549747492e-05,0.0,6.013730797822818e-05,0.0012964804220662836
DRR171587,0.3595537179678536,0.28156109510717897,1.2014716030731845e-05,0.0,Healthy,0.0,0.3352505155467036,0.0,0.0,0.022540834942985682,1.0646440112448794e-05,0.0,0.0,1.192189052474791e-05,0.0
DRR171588,0.0039001034664411,0.6462946953238045,0.0,0.0,Healthy,0.0,0.28810345119097164,4.231308942077442e-05,0.0,0.05902604493028577,0.0,0.0010903488252056704,0.0,0.0,0.0
DRR171589,0.05722914636439175,0.4723202033624421,6.268302431283726e-05,0.0,Healthy,0.0,0.3656231563643791,0.05173960704978975,0.0,0.05129432537121383,2.545679149582593e-05,0.0,0.0,1.9714379805882252e-05,0.0
DRR171591,0.003928186629054454,0.6306286627760369,1.949622097660983e-05,0.0,Healthy,0.0,0.3582590330365009,0.0,0.0,0.005207984739887919,0.0,5.728236503052903e-05,0.0,0.00032099205203126946,8.897368145230985e-05
DRR171592,0.016676629008835167,0.7869932992661252,0.0,0.0,Healthy,0.0,0.15638602133166232,0.015527034637665438,0.0,0.023256817226738384,0.0,0.0,0.0,0.00016545982366461719,5.201021509349595e-05
DRR171594,0.0009900992424431087,0.7203647931675661,3.676135008433454e-05,0.0,Healthy,0.0,0.2661479568889913,0.004441756087667884,0.0,0.007150693634933967,0.0,0.0,0.0,0.0001294415428878956,0.0
DRR171598,0.0074964011055046265,0.3602823655885077,2.1632084938241816e-05,0.0,Healthy,0.0,0.3512627242295989,0.0,0.0,0.27929477469485475,2.884037269482715e-05,2.1217193401120555e-05,0.0,0.0001706522407109989,6.43004744898205e-05
DRR171599,0.04412785134787778,0.6598866065975348,0.0001130813529851045,0.0,Healthy,0.0,0.2692800272029585,0.0002390405346244285,0.0,0.024738467167887176,0.0,1.0223182834094952e-05,0.0,1.931871300006827e-05,0.0
DRR171601,0.014003332607635456,0.5455899379937054,2.1691467249074545e-05,0.0,Healthy,0.0,0.4301504112869719,0.0002748695602709082,0.0,0.008394585627177854,8.39112807009155e-05,0.0,0.0,0.00045449348678996965,0.0
DRR171604,0.1382483766957319,0.47425932558852096,0.0,0.0,Healthy,0.0,0.3766559645623804,0.0,0.001349855063280803,0.004530961427364385,6.718592489675219e-05,0.00017599316275556182,0.0,0.0020303982927477,0.0012827160606431955
DRR171605,0.013286100028011578,0.6904030970017646,0.0,0.0,Healthy,0.0,0.2378850017191169,0.0,0.0004324164911296707,0.00959941150929748,0.0,0.0005728887411980987,1.0957494458979517e-05,0.0005013939967679308,0.04592459955353772
DRR171606,0.0905999024657338,0.4790017834591593,1.6578061893504424e-05,0.0,Healthy,0.0,0.4033868344869853,0.0,0.0,0.0256762189351422,0.0,0.0,0.0,2.438653507631951e-05,0.0
DRR171607,0.013042651800970936,0.6236571664726771,0.0,0.0,Healthy,0.0,0.34281450855583656,0.0,0.0,0.01929709822029464,0.0,0.0,0.0,1.3633743267900855e-05,2.708957130024031e-05
DRR171608,0.034991533200429366,0.4841064036647881,1.6017267847446418e-05,0.0,Healthy,0.0,0.4645414875164172,0.00013882632160182228,0.0,0.01395738906197911,5.792803044997626e-05,0.0,0.0,6.369497910666765e-05,0.0008608595230689607
DRR171610,0.03188147228092782,0.3835512719432654,2.0260705706488973e-05,0.0,Healthy,0.0,0.568183885722933,0.0,0.0003742858744257634,0.013370517191052056,9.468255365676448e-05,0.00018167666475720797,0.0,0.0005240772942122767,0.0
DRR171613,0.05577025488986514,0.4770943143209984,1.178338096473782e-05,0.0,Healthy,0.0,0.4349430826732103,0.0006071426172964194,0.0,0.02999940174434392,0.0,0.0,0.0,0.00016972815327531517,0.0
DRR171616,0.0031211649069980453,0.7979006210338611,0.0,0.0,Healthy,0.0,0.15628539013521128,0.024567507982050325,0.0,0.01664681658021003,0.0,0.0,0.0,3.642412119942364e-05,0.0
DRR171617,0.0052734126952378325,0.7895455029818592,1.2143685799748528e-05,0.0,Healthy,0.0,0.18590488129890465,0.0,0.0,0.010302574398892074,1.0701258081654983e-05,0.0,0.0,0.0,0.007846944159039209
DRR171619,0.02868957234878183,0.5087129206785859,1.6465146639414728e-05,0.0,Healthy,0.0,0.4370964996727784,0.0,0.0003783122475799145,0.023698411497744543,0.0,0.0,0.0,0.00013258908569953326,0.0
DRR171620,0.022509983791190687,0.5832606804933111,0.0,0.0,Healthy,0.0,0.381697398383242,0.0,0.0,0.011136027913753021,0.0,0.0,0.0,0.00023779353521592492,0.0
DRR171621,0.10146883219638214,0.2434020902508971,2.279343211989824e-05,0.0,Healthy,0.0,0.5984402323668173,0.0,0.00017353236594526254,0.05403425691288573,0.0,0.0,0.0,0.0008958910373928656,3.237648067238907e-05
DRR171628,0.01774828867539236,0.640705635873743,0.0,0.0,Healthy,0.0,0.2734020132583339,0.0,0.0,0.03156793160115707,0.0,0.0,0.0,0.00010179724313289038,0.03536593517760555
DRR171629,0.02701705317906786,0.7499517991468283,2.0456407679017967e-05,0.0,Healthy,0.0,0.1448976049023869,0.06442297763960371,0.0,0.012377094230689048,0.0,0.0,0.0,0.0001772494332555534,0.0
DRR171631,0.01687311365926495,0.7533899314557494,1.0940168844255202e-05,1.2571489026809653e-05,Healthy,0.0,0.21829423084246705,5.224760711644738e-05,0.0,0.009450707692776688,0.0,0.0,0.0,0.00015065526712515677,5.590216799517941e-05
DRR171637,0.0046956455716994725,0.7595350809697966,1.1273223839871726e-05,0.0,Healthy,0.0,0.2200137384104329,0.0,0.0,0.012895801890932632,0.0,0.0,0.0,0.0019031582908498191,0.0
DRR171639,0.016602341311636442,0.6573668047361639,0.0,0.0,Healthy,0.0,0.3232272692243698,1.0247287141131156e-05,0.0,0.0016123569500653165,0.0,0.0,0.0,4.293563275436018e-05,0.0
DRR171640,0.040441404390379125,0.4008150439674689,5.6424550159367004e-05,0.0,Healthy,0.0,0.4381552790239587,0.01857829132586367,0.0,0.100144030236832,0.0,1.356719704564734e-05,0.0,0.0003521611882534036,0.0
DRR171641,0.011865357590554024,0.709340397075334,0.0001774477263206319,0.0,Healthy,0.0,0.2650740098748895,0.0,0.0,0.012393828330953538,0.0,0.0,0.0,0.0,0.0
DRR171642,0.1639188781327291,0.3787997106899417,1.4420290928160027e-05,0.0,Healthy,0.0,0.4489299855836253,0.0,0.0,0.006229010468105687,6.748855023126648e-05,1.35953094572151e-05,0.0,0.000558866011353684,0.00015414407910189693
DRR171643,0.011814931587694377,0.4840819849400672,0.00012880094213124074,0.0,Healthy,0.0,0.4771889847495866,0.001329889556175553,0.0,0.02396881156084467,2.2326553911923147e-05,0.0,0.0,9.148217952370824e-05,0.0
DRR171644,0.1244618454491592,0.462845506236973,6.544186933285772e-05,0.0,Healthy,0.0,0.34428498971378674,0.0009304645486670104,0.0,0.06647229076632119,0.0,0.0,0.0,3.4087152373658817e-05,0.0
DRR171645,0.0404238614017724,0.5198166360805035,0.0,1.8890646646360414e-05,Healthy,0.0,0.4113508831654131,0.0,0.0006966439369501994,0.02306807835182817,0.0,0.0001896447662046305,0.0,0.000135345871742421,0.002482471607516795
DRR171646,0.0420299954579646,0.7346940151174242,2.9004767783608418e-05,0.0,Healthy,0.0,0.1999685489135929,0.003062370803346794,0.0,0.018913450622367583,1.8554810496800024e-05,0.0,0.0,1.7620655466100712e-05,0.0
DRR171647,0.008495055715005181,0.5704386155525193,0.0006332603537744353,0.0,Healthy,0.0,0.41024040350907776,0.0001488206737710893,0.0,0.008419933982466321,0.0,0.0,0.0,0.0002115739458800817,6.274457644238156e-05
DRR171648,0.039630956250167916,0.21896074071426228,7.006187296968366e-05,0.0,Healthy,0.0,0.6895359519170287,4.838669274364546e-05,0.0,0.05003857128403765,0.0,0.0,0.0,0.0002551983409224869,0.0
DRR171650,0.011874247040167204,0.4588590111474707,6.67204763663735e-05,0.0,Healthy,0.0,0.5066068073748898,8.049597376893049e-05,8.893538373914826e-05,0.0007342067963151769,1.0224553773877195e-05,0.0,1.1230891256688828e-05,0.0003514629102730132,0.02006903434965396
DRR171651,0.0038194827432018407,0.3966729164496189,4.513569208037518e-05,0.0,Healthy,0.0,0.4652281824362434,0.0,0.0030952611164609518,0.02621794827007828,2.7958740541694338e-05,0.003947408592239126,0.0,0.0019823739034606244,0.0967476126981691
DRR171652,0.05972884050727075,0.3592044062089237,4.85685530619959e-05,0.0,Healthy,0.0,0.5428635213013373,0.0,0.0,0.036236841611928944,1.1095126022889818e-05,0.0,0.0,9.160226447092542e-05,0.0
DRR171653,0.0035307018225126975,0.6005563511013078,4.699947972368968e-05,0.0,Healthy,0.0,0.3691405755331316,0.0,0.00028116641746048714,0.024418202165287683,0.00011713751795078225,2.2960286593724373e-05,0.0,2.9547402533258337e-05,0.0
DRR171654,0.028473335730670894,0.4369763699794483,0.0,0.0,Healthy,0.0,0.4725698300019556,0.00019878895991891398,0.0,0.06039163489084873,0.0,0.0,0.0,2.3980760305288414e-05,1.934156346580717e-05
DRR171655,0.00957227008472572,0.522296263817948,1.5090749779707528e-05,0.0,Healthy,0.0,0.4125429860515948,0.00013029958291867124,0.0,0.05233660868079935,1.8568905700853344e-05,0.0,0.0,0.001647939274481095,0.0
DRR171656,0.07265259125544618,0.12477693409277453,2.655487344830609e-05,0.0,Healthy,0.0,0.7906518803485121,0.000171835711631519,0.0004392706822697176,0.007320457463616217,0.0001583138570830059,9.208873816053041e-05,0.0,0.001154545081132498,0.0
DRR171657,0.011240256235909764,0.7149558432743247,0.0,0.0,Healthy,0.0,0.2415492103049753,0.0,1.4190879431079208e-05,0.029662075903078032,5.558018264119728e-05,0.00024777286044405466,0.0,3.969795150849931e-05,0.0
DRR171659,0.07956668753957885,0.5789714208774225,1.0440229146584254e-05,0.0,Healthy,0.0,0.32202893698028523,0.0,0.0,0.017319677523593546,0.0,0.0,0.0,0.001011000281739282,0.0
DRR171662,0.019309732048744768,0.4617274100187647,2.460251881820169e-05,0.0,Healthy,0.0,0.4889966386508557,0.013964484980188091,0.0,0.015010431596742018,0.0,0.0,0.0,5.341077261134721e-05,0.0
DRR171663,0.008821574213625026,0.7492675634527416,0.0,0.0,Healthy,0.0,0.22526609532558745,0.0008160212337047616,0.0,0.014367186184527196,0.0,0.0,0.0,3.238475137729442e-05,0.00011319697853560608
DRR171673,0.0010792178148059373,0.4473185776194087,1.5341830862616685e-05,0.0,Healthy,0.0,0.3936862399777124,0.0005849606934462956,0.0002409955975865729,0.15500355124384002,2.289219435358977e-05,0.00025278316314999554,0.0,1.248342445464114e-05,0.00012569741992624067
DRR171676,0.058054365387494936,0.2879316267831953,3.1507390845168074e-05,0.0,Healthy,0.0,0.6208465553731185,5.679704256811632e-05,0.0,0.03148448868198733,1.1993350225707315e-05,0.0,0.0,0.0002758542558456109,0.0
DRR171686,0.02120429672130314,0.3271733271742407,3.6073999752683646e-05,0.0,Healthy,0.0,0.6460529419386176,0.0,0.0,0.0035483569745766406,0.0,1.2288300686954205e-05,0.0,0.0007683437036491387,0.0
DRR171689,0.04367067701352191,0.4322507033911554,0.0,0.0,Healthy,0.0,0.5048475181097827,0.0,0.0,0.018017231966665548,0.0,0.00011545466210318225,0.0,1.3413218179567668e-05,0.0
DRR171691,0.006888200418462925,0.6576094886280447,2.5579830001299868e-05,0.0,Healthy,0.0,0.3081066181825205,6.626811331088549e-05,0.0,0.012366461451002885,0.0,0.0,0.0,0.0012418938319883625,0.012375766793500477
DRR171694,0.13324454035971742,0.3462745497900143,0.0,0.0,Healthy,0.0,0.5071479311018381,0.0,0.0,0.011845653314505256,0.0,0.0,0.0,0.0001981702864741251,0.0
DRR171698,0.026698844697266667,0.4653266231519275,0.0,0.0,Healthy,0.0,0.4886372774850282,2.919254204092381e-05,0.0,0.017267206106567054,1.1693163169839708e-05,5.2144256754134e-05,0.0,0.00011154161802669522,0.0004781875565398769
DRR171700,0.013244075830185664,0.4997074719927699,4.319897177314536e-05,0.0,Healthy,0.0,0.4727254646770514,0.0,1.3774109295414687e-05,0.012627096717726796,0.0,3.1028575962974825e-05,0.0,0.0006033892833228374,3.0709666059939564e-05
DRR171705,0.05325735459263125,0.4333315901783015,0.0,0.0,Healthy,0.0,0.4773123153169585,0.0,0.0,0.034344609848317866,2.538396139911741e-05,0.0,0.0,0.00011361629787240471,0.00022439509842704829
DRR171710,0.002685918308464252,0.3597131476093744,1.7757193983975546e-05,0.0,Healthy,0.0,0.606845369515091,1.831353854699165e-05,0.0,0.029167501378149118,0.0,1.132972995899488e-05,0.0,0.00022868902955540981,0.0
DRR171711,0.00870934247563054,0.6471829037673855,2.136779130655023e-05,0.0,Healthy,0.0,0.32113348023359617,4.585096486132002e-05,1.3932337948040766e-05,0.020207773624211167,1.9169539075232026e-05,0.0,0.0,0.0013513344214918619,0.0
DRR171724,0.03201952750213339,0.6781962683631929,0.0,0.0,Healthy,0.0,0.25884130813710016,2.1209314967152365e-05,0.0,0.029014797624970237,0.0,0.00046487056833376746,0.0,6.206497740381809e-05,0.0
DRR171725,0.0293425815585417,0.487986150461123,0.0,0.0,Healthy,0.0,0.4677897667124805,0.0,5.129706111506061e-05,0.011686381297770821,8.562832134890299e-05,4.371234242921159e-05,0.0,0.0012140284430354734,0.0001796139057115411
DRR171726,0.01189988382206554,0.5034928849463477,0.00011406720556225208,0.0,Healthy,5.4736387366733e-05,0.4767904346686812,6.881571008557011e-05,0.0,0.005598104227748458,0.0,0.0,0.0,0.00030496079235228964,0.0
DRR171727,0.03535152298330086,0.5889389960788866,0.0,0.0,Healthy,0.0,0.1626001384705429,0.0014531371974718153,0.0,0.21010035336962155,0.0,0.0002506600543812896,0.0,0.0,7.157378609275888e-05
DRR171733,0.0096491038902647,0.7385932492883974,5.810506731889747e-05,0.0,Healthy,0.0,0.21317090141254108,0.0,0.0,0.03290838208506282,0.0,0.0,0.0,0.00015126607652162305,0.004305643232907823
DRR171737,0.06043696750144524,0.5031867611709131,2.160129573485353e-05,0.0,Healthy,0.0,0.39796573248087536,0.0008607517310776398,0.0,0.036247716824455566,8.38598748199302e-05,0.0,0.0,4.923125963359557e-05,0.0
DRR171741,0.002978842802522171,0.49174612094387204,0.0,0.0,Healthy,0.0,0.2583605511175353,1.362331467990034e-05,0.0,0.2435618759770233,1.17082287594457e-05,0.0012563132348664405,0.0,0.00033684609266967203,0.0
DRR171745,0.031081230352726388,0.3924875614529599,0.0007341539941940103,0.0,Healthy,0.0005980410007244178,0.5116830592625287,0.0025443978264430987,0.0,0.058787878775432435,2.901326839476705e-05,0.0,0.0,0.00027368520792056945,0.0
DRR171747,0.04878897622655702,0.22171617407967306,0.000155692965784051,0.0,Healthy,0.0,0.7131838715445353,1.2043430659179514e-05,0.0,0.005262858817444315,0.0002647613647809256,0.0,0.0,0.006196629757731675,0.002844887082929724
DRR171755,0.011645908455803131,0.6813246729980469,0.0,0.0,Healthy,0.0,0.277153564971737,1.7268311257789082e-05,0.0,0.02831468763891397,0.0,0.0,0.0,0.0004002869217895842,2.464683626939356e-05
DRR171762,0.0290088194478747,0.72669331934665,0.0,0.0,Healthy,0.0,0.20083748864195866,2.2974629470087092e-05,1.1492517015650687e-05,0.04185188003397175,1.5291562124856492e-05,1.1061893757221164e-05,0.0,6.023086546957614e-05,0.0
DRR171763,0.032170722302396405,0.26166643803537243,4.1321087641838576e-05,0.0,Healthy,0.0,0.6112669628645879,0.0018549918959260656,0.0,0.09084712753632404,2.0536144308696508e-05,1.0337521645200473e-05,0.0,0.00019829868141829762,0.0002506541559619948
DRR171765,0.00487716022257296,0.238220561601668,0.00012788747168744266,0.0,Healthy,0.0,0.2518272916178448,0.0002181497541208356,0.0,0.5027304269219471,3.206396644109837e-05,0.0,0.0,0.0002123326692548452,0.0
DRR171770,0.005729055743255355,0.6367261267572433,0.0,0.0,Healthy,0.0,0.3522677117002012,0.0,0.0,0.003793993230438397,3.710876052930072e-05,2.201129325095164e-05,0.0,2.555671125144569e-05,0.0
DRR171771,0.029036896717724456,0.3651432645784144,3.8158924452949734e-05,0.0,Healthy,1.3041039839917468e-05,0.2599672775532805,0.0015449706742627295,0.0,0.3419627685312811,0.0,0.0001655358725375492,0.0,0.0006217716369516395,0.0
DRR171772,0.03804541127190402,0.4297655445289335,0.0,0.0,Healthy,0.00020813490131841547,0.31466551568406204,0.0010453606576730603,0.0,0.21475564087719987,0.0,0.0,0.0,4.394186520421569e-05,0.0
DRR171773,0.0691448200856378,0.4422202429323327,6.915146865656815e-05,0.0,Healthy,0.0,0.4647889931870642,0.0,0.0,0.015587588767032718,1.2729391394790535e-05,0.0002535171308655515,0.0,0.006352451082049175,0.0
DRR171777,0.055105329545159766,0.37018298656925613,1.3091387213248994e-05,0.0,Healthy,0.0,0.5401714655324427,0.0,0.0,0.03186670362346058,0.0,0.0,0.0,0.00043889632244530427,0.001085823495288055
DRR171779,0.009651695004982265,0.4854223530467578,0.0,0.0,Healthy,0.0,0.449174833172631,0.0,0.00036324320072607136,0.0123285349040504,0.0,0.0001352650807348726,0.0,0.0013144919756217087,0.04005846496616645
DRR171782,0.038271670252395175,0.3555326479108422,0.0,0.0,Healthy,1.048973101717532e-05,0.5928118623926656,0.00011323612840009296,0.0,0.010098024125596308,0.0,0.0,0.0,0.001318471513593577,0.0
DRR171783,0.04463859857190678,0.6947377025110323,0.0,0.0,Healthy,0.0,0.25442856400344105,0.00042610759262104317,0.0,0.004380607407281229,0.0,0.0,0.0,0.0003131289891877709,0.0
DRR171786,0.04332052632035836,0.5963746334710003,5.265860285477774e-05,0.0,Healthy,0.0,0.3147668306145711,0.003043786630293904,0.0,0.04008291389808622,0.0,3.0361119707124214e-05,0.0,0.000157605828648752,0.0004782620181624169
DRR171791,0.1012289126964383,0.2913593143751314,0.0,0.0,Healthy,0.0,0.5771897071485141,0.0,0.0,0.027857822551076057,0.0,0.0,0.0,0.00014366720782036765,0.00024551313891042244
DRR171793,0.01373290235748062,0.7046127180404951,0.0,0.0,Healthy,0.0,0.23701890880148066,0.0,0.0,0.006482746846808472,2.982207181229845e-05,0.0,0.0,0.0008603138091790115,0.03609285808651337
DRR171796,0.038616095912338895,0.2909033381016665,4.3115095150744126e-05,0.0,Healthy,0.0,0.5865475588015006,0.001139741867793779,0.0,0.08100219145140453,0.0,2.0375822224181197e-05,0.0,4.322384313602579e-05,0.0
DRR171798,0.008945396288690989,0.7416627659926381,5.171610278039259e-05,0.0,Healthy,0.0,0.15968859163877291,0.011005180973078827,0.0,0.077600557790159,0.0,0.0,0.0,9.890513554513336e-05,0.0
DRR171801,0.0458287800831278,0.6387231701999028,0.0,0.0,Healthy,0.0,0.29699227612511314,0.0,0.0,0.012542010444891736,2.180341888179325e-05,8.631499841452219e-05,0.0,4.745188894989577e-05,0.004424221157670441
DRR171802,0.00906979085521409,0.3009503950649854,0.0006690950841365102,0.0,Healthy,0.0,0.5037089473375821,0.014071769019161623,1.8609852684990962e-05,0.1675843254607867,0.0,0.0020225254639582367,0.0,0.00017701423855509373,0.0
DRR171807,0.0014804791383442356,0.6823040780557333,1.5821554107470875e-05,0.0,Healthy,0.0,0.24380879943663025,0.023970883056266497,0.0,0.04714805672286944,0.0,0.0,0.0,1.0258526918931502e-05,0.0
DRR171810,0.07798466439975507,0.4231190125199951,5.766895581666565e-05,0.0,Healthy,0.0,0.4733229118645857,1.1905328297351046e-05,0.0,0.006422396201395909,0.0,0.0014085172913100494,0.0,0.00014128486751085597,0.016277645901463286
DRR171812,0.04322658341394146,0.3920972928806964,0.0,0.0,Healthy,0.0,0.5495354608267105,1.3716553996145559e-05,0.0,0.01263243535689807,1.2069123502060498e-05,0.0,0.0,3.4711535881781536e-05,0.0012064371612723445
DRR171813,0.02122954329222085,0.3470977558266483,0.0,0.0,Healthy,0.0,0.5853412135548918,0.02400529306702716,2.8222893750709253e-05,0.01843989108674039,0.00010481830706937807,0.0,0.0,0.0023642157094405105,0.0
DRR171816,0.09042265095956216,0.6938116662919324,2.405446368943017e-05,0.0,Healthy,0.0,0.2108774967070503,5.279386210477614e-05,0.0,0.0003024154142917717,0.0,0.0,0.0,0.0,0.003327838097725383
DRR171817,0.009670422156278918,0.2380203067851533,0.0,0.0,Healthy,0.0,0.4321445787007133,0.0,0.0,0.3182218033894382,0.0,0.0,0.0,3.130624654122333e-05,0.0002507614202978096
DRR171953,0.06560970547614896,0.25510080079051045,3.380343855477409e-05,0.0,Healthy,0.0,0.6293871394633599,0.012543883014304888,0.0,0.031876621946098915,0.0006828920927765168,1.3961972316681161e-05,0.0,0.0032853359959408393,0.0
DRR171954,0.042661679518947164,0.4328595753890672,1.5788360438814817e-05,0.0,Healthy,0.0,0.5088152753880255,2.354076428472813e-05,0.0,0.011759559018705644,0.0,0.0,0.0,0.002260560186184175,0.0003785143994132998
DRR171957,0.06388710540246707,0.19786294204594268,3.087572349698225e-05,0.0,Healthy,0.0,0.7324328884540456,3.070723560748192e-05,0.0,0.003960792342963099,8.172882080453266e-05,0.0,0.0,0.0003423463941378121,0.0
DRR171959,0.07244782611104597,0.4147542735389979,3.302454750810182e-05,0.0,Healthy,0.0,0.4921538604535761,1.2603385074326453e-05,0.0,0.01819512462430671,3.5350783649599956e-05,0.0,0.0,0.0010202672882555443,0.0
DRR171964,0.056620860200838,0.4406539360401392,0.0,0.0,Healthy,0.0,0.3665000812791004,0.0,0.0,0.050099060281723805,1.3857013470043673e-05,9.55565307245685e-05,0.0,0.00018355835045607373,0.08414965382899739
DRR171965,0.01829051453315966,0.35251610311479986,2.330361410576337e-05,0.0,Healthy,0.0,0.4134881752921588,0.16056970248886332,0.0,0.05381383736416855,0.0,0.0,0.0,1.8330373233280303e-05,0.0
DRR173016,0.07981305597689102,0.652533063004906,1.3240136345043447e-05,0.0,Healthy,0.0,0.2577286131254353,0.008210706003652141,0.0,0.0004604707175094325,0.0,0.0,0.0,3.291283055096836e-05,0.0
DRR127476,0.027431780932569576,0.4637107477864491,9.185320772278354e-05,0.0,CRC,0.0,0.3895554841994268,0.0009998112792368354,0.0,0.11378861470074594,0.0022884563435085947,2.56471228858724e-05,0.0,2.597900637456941e-05,0.0
DRR127478,0.013271589623413654,0.36848121567885017,1.6079374251808014e-05,0.0,CRC,1.592076741489059e-05,0.5375033035887967,0.01447638543244172,0.0,0.06442082740066153,0.0,2.356266529241181e-05,0.0,0.0003420407635476229,0.0
DRR127481,0.03521682312127861,0.6992390255384079,1.938903569032559e-05,0.0,CRC,0.0,0.20020797913638028,6.33825312253809e-05,0.0,0.013322694910526735,0.0,1.2318513124023406e-05,0.0,0.0008088854388895768,0.0498145465460647
DRR127485,0.03544006885271274,0.3565182866367902,1.9623201879397007e-05,0.0,CRC,0.0,0.5867239885204841,0.00016031575362000664,0.00115073292904051,0.016207417054370617,0.0,0.0004905609875075961,0.0,0.0008904653775559723,0.0
DRR127491,0.11326807737091996,0.2560074141533265,0.00010046152699941776,0.0,CRC,1.0228100346591143e-05,0.6075668083341023,0.000545084590197068,0.0,0.018205681400405425,0.0,0.0,0.0,0.0025820312518103584,0.0
DRR127507,0.0110925763829039,0.43840486200854334,3.5029962016697606e-05,0.0,CRC,0.0,0.4069683930099944,0.07710836194889578,0.0,0.06478624985910242,0.0,0.0,0.0,0.00038732988221655334,0.0
DRR127509,0.050529570588334766,0.5033773312036931,4.8727561770061895e-05,0.0,CRC,3.600867525282493e-05,0.415492459746158,0.00012654513785890947,0.0,0.02652926753259361,1.3391811603123516e-05,0.00010809464429071332,0.0,0.0013468252235022788,0.0005822882440588202
DRR127514,0.11420209107799552,0.3078906527804368,0.0005610186615940994,0.0,CRC,0.00028478815991427693,0.4440380093528697,0.0014256086010959526,0.0,0.12636600023885247,1.1464746585911153e-05,1.440439244270771e-05,0.0,0.003312992830057516,4.722570808342383e-05
DRR127515,0.15041991711563124,0.2803296140647966,2.601589516348473e-05,0.0,CRC,0.0,0.5387442376126151,0.0022724670297634645,0.0003851391362721516,0.018744167425680403,1.298185124278268e-05,0.007351214685202285,0.0,3.869040124017008e-05,0.0
DRR127517,0.020996145059131336,0.4173634930907996,1.916603234975469e-05,0.0,CRC,0.0,0.5352845318556909,3.950922460477798e-05,0.0,0.02298993824711289,0.0,6.0506290571694994e-05,0.0,0.0008758903581478633,0.0007949587942568507
DRR127519,0.007582337193935594,0.5877226714225541,2.5387814188749274e-05,0.0,CRC,0.0,0.33898070956525544,0.04195274486858135,0.0,0.022282316524013898,7.520742369734828e-05,0.0,0.0,4.879327247114399e-05,0.0
DRR127521,0.06415122052984873,0.4740811320529944,0.0,0.0,CRC,0.0,0.3889941942156272,0.02467657693672521,0.0,0.04477834762406787,2.5023249140627105e-05,0.0,0.0,0.0015952870901575866,0.0
DRR127536,0.04486523402851808,0.5327403530931646,2.106399140056012e-05,1.0917664916086162e-05,CRC,0.0,0.3857079660135317,0.0002859245043975508,0.0,0.031091777385235823,0.0,0.0,0.0,0.0039186994716540425,0.0
DRR127557,0.004757342892254769,0.7087119071718044,2.105028178428607e-05,0.0,CRC,0.0,0.19911464229307704,8.88551856741557e-05,0.0,0.08510213227750871,0.0,3.047158363885499e-05,0.0,5.5311503809432425e-05,0.0003827103700653304
DRR127559,0.016832636209074426,0.6485775705520335,0.0,0.0,CRC,0.0,0.3073282663622738,0.0,0.0,0.025491409959646442,2.3830689292148225e-05,0.0,0.0,3.268049098444435e-05,0.0002917978033965142
DRR127567,0.0096027190577373,0.14113973626176554,0.00017210513688965289,0.0,CRC,1.2334325607737805e-05,0.09612791688104434,0.0022062791493713393,0.0,0.7488283249840126,1.8855622347837e-05,0.0,0.0,0.0,1.1075966565406213e-05
DRR127579,0.16924008720710546,0.5169851694102872,0.0,0.0,CRC,0.0,0.2679374119126587,0.0018260205592422684,0.0,0.007316107271902883,0.0,0.0,0.0,7.461244451358033e-05,0.03491993955089705
DRR127580,0.00984267285522959,0.6231694948268256,7.730423429742616e-05,0.0,CRC,0.0,0.3307112827500881,0.0,0.0,0.01963970748682442,0.0,0.0,0.0,8.181782801122712e-05,0.015118658586498725
DRR127594,0.0809723785301935,0.5622598753543424,0.0,0.0,CRC,0.0,0.3356853949855565,0.0006138780578985003,0.0,0.017602909131060256,0.0,4.009677527111739e-05,0.0,0.0006003021946458428,0.0008936397628299523
DRR127603,0.05843915799439535,0.4335735561063487,0.00014825545167372815,0.0,CRC,0.0,0.492506188975465,0.0,2.5287344963343288e-05,0.013232673275278549,1.5483516351841595e-05,0.0,0.0,0.0003464297966678783,9.11456397896238e-05
DRR127617,0.02096330981539184,0.656104009120504,2.1721792552839137e-05,0.0,CRC,0.0,0.2950155610038073,0.00010297172753095254,0.0,0.0228387419378145,1.9081037001676434e-05,0.00032290400602278063,0.0,9.626048620302668e-05,0.002677770965791607
DRR127625,0.018238506868880837,0.5766064732312084,3.083229705977381e-05,0.0,CRC,0.0,0.3700822437915117,0.02497788457218586,0.0,0.008226316731909428,0.0,0.0,0.0,0.00020770764795837745,0.0001239525490546148
DRR127638,0.03705959143072365,0.7367754292789747,4.127639792387687e-05,0.0,CRC,0.0,0.21807240966584504,0.0003400128731555766,0.0,0.0065983563590941065,0.0,0.0,0.0,2.4819501970864805e-05,1.623097555390691e-05
DRR127646,0.3515260451517175,0.2213132028496256,0.0,0.0,CRC,0.0,0.3979705425604072,2.0170930663254413e-05,0.014539183929731248,0.008069692442552723,0.0,3.1328615036564845e-05,1.1767857494629588e-05,0.0009977902426257818,0.0037270573309432773
DRR127647,0.06877116836709786,0.6390162619474851,0.0003631043090585696,0.0,CRC,0.0,0.22664441324616444,0.003907803453307522,0.0,0.06030152341587273,0.0,0.0,0.0,2.8907315394072447e-05,0.0
DRR127666,0.009725891392095894,0.7464899886590507,1.7305533729230775e-05,0.0,CRC,0.0,0.20671109576518912,0.001182399912375378,0.0,0.03414401509286237,0.0,7.171110990073191e-05,0.0,0.00012633570137631712,0.0001410331427773522
DRR127669,0.06678780112831265,0.504517127453059,0.00035409436939736984,0.0,CRC,1.4868032396229956e-05,0.4140112764092415,0.00011775387071139769,0.0,0.01154459043411112,0.0,0.00010077205443051075,0.0,2.5699055524902983e-05,0.0006648425244908749
DRR127674,0.036025704933592716,0.6413020860047062,1.146017842413708e-05,0.0,CRC,0.0,0.2970083931365429,0.012421141950212648,0.0,0.010902158248897613,0.0008733379523306391,0.0,0.0,4.96246304182227e-05,0.0
DRR127685,0.1095432402421594,0.1649988560419643,4.262117277087097e-05,0.0,CRC,0.0,0.5857196404300702,0.00042857026196565937,0.0,0.1365823733235765,0.00017654078350658306,0.0,0.0,0.00035715943762485813,0.0
DRR127700,0.062158345314985625,0.6324536411870125,1.9100785528657536e-05,1.7369907073608952e-05,CRC,0.0,0.2259645958024843,0.007145412701763863,0.0,0.02146166459441332,4.67949979917234e-05,0.01281556903210916,0.00019945872711437111,5.944953125962464e-05,0.035827710997116353
DRR127708,0.04128554245203205,0.5268243710148454,2.850094725686981e-05,0.0,CRC,0.0,0.3058897217308337,0.018047033773561358,0.0005200500136111213,0.04361812661700865,0.0,0.0,0.0,3.274458897570205e-05,0.06214309025102145
DRR127718,0.0019091992401063325,0.5324088606940999,1.1546136408698582e-05,0.0,CRC,0.0,0.1227491750316862,0.005726636675459589,0.0,0.3360990103217788,0.0,0.0,0.0,1.5631984495665302e-05,0.0
DRR127720,0.017982767413303586,0.490901546894889,1.4587693777451327e-05,0.0,CRC,0.0,0.2831931783952386,0.004960143351066307,0.0,0.05027219654157132,1.1997267004656175e-05,0.0042953500246321295,0.0,0.00011781562517683345,0.14619772334515108
DRR127754,0.11764391525519287,0.5069178149063732,1.059623003839699e-05,0.0,CRC,1.705784642986665e-05,0.35464889685558537,0.00507841004264298,0.0,0.014208509066809991,0.0,0.0,0.0,6.80114316272375e-05,0.0
DRR127767,0.3364243523952189,0.286236375872222,1.4830143922007504e-05,0.0,CRC,0.0,0.3296094418815971,2.3026533491453267e-05,0.0014983390239688046,0.011727802512584031,3.1505987824141554e-05,0.0007502668747216198,0.0,0.0005239447297059885,0.031371650824995045
DRR127774,0.0406285121450122,0.4303660309038086,2.543507010477649e-05,0.0,CRC,1.1856396533891466e-05,0.49772750111428604,0.0,0.00016616767475826253,0.02595743765769762,0.0,0.0,0.0,0.0007346110221484079,0.002735399979553493
DRR127789,0.06294554841239995,0.6323267238101818,3.34156680671959e-05,0.0,CRC,0.0,0.2686115455729105,0.0052257689635983465,0.00016216829858647133,0.024398031737782738,0.0010093311308958528,0.0034655076783136197,0.0,0.00015628515358877582,2.7763508352105855e-05
DRR162777,0.193350182266878,0.37834057019966,3.2735754942864805e-05,0.0,CRC,7.967621458555897e-05,0.41532529804412144,0.0006220534135826309,0.0,0.01068319150502862,0.0001654734851487365,0.0,0.0,0.00019419430101151337,0.0
DRR162778,0.03818334146494589,0.4156116117006001,0.0,0.0,CRC,0.0,0.4857486181002737,0.006024792130574107,0.000994112636702638,0.04933211665327508,0.0,0.0006388696938254532,0.0,0.00022325567546625688,0.0008751466286568769
DRR162779,0.048340697102069785,0.4489949802530721,0.0,0.0,CRC,1.4724980363011664e-05,0.4653522279281967,0.016975145013251678,0.0,0.0151768561259753,0.0,0.0,0.0,0.00013645548389283214,0.003612003681213306
DRR171459,0.021746902329381868,0.2770292625099206,0.0,0.0,CRC,0.0,0.2631095113904233,0.0,0.0,0.4355294678797897,0.0,0.0,0.0,0.0010491155925302124,0.0
DRR171472,0.0588656512890385,0.6404614298925421,0.00016405297980699932,0.0,CRC,0.0,0.2357657016478016,0.0,0.0,0.06274773518716434,0.0,0.0,0.0,0.0002319590698940676,3.2336555817091344e-05
DRR171519,0.006328529850728924,0.6771277520732594,0.0,0.0,CRC,0.0,0.27927000236977084,0.005521111654259074,0.0,0.030438944010172674,0.0,0.0,0.0,0.00014820795136944058,0.0
DRR171661,0.014985826433453538,0.4716760567752056,2.7472346865256265e-05,0.0,CRC,0.0,0.43488348150750383,0.0004865213693999491,0.0,0.023575108062078614,0.00016758873087731316,9.399845960715288e-05,0.0,4.8908725281206377e-05,0.052398320949825335
DRR171665,0.012342310647532752,0.6378487944529214,3.2687659393148584e-05,0.0,CRC,0.0,0.34410339743475243,0.0,0.0,0.004537187290738465,0.0,0.0,0.0,9.840917011847177e-05,0.0
DRR171666,0.048820308279217,0.5360516406396822,0.00010228209454412112,0.0,CRC,0.0,0.38064238746581575,0.00012772758300232768,0.0,0.02055970660672663,3.0364530622879436e-05,1.4604648083700947e-05,0.0,5.886670968548971e-05,0.012215816670762422
DRR171667,0.07861569403111839,0.36423307716490616,3.006399614315091e-05,0.0,CRC,0.0,0.5372185593791206,0.0003302746275751805,0.0,0.0018820652545443253,0.00012833335668754493,0.0,0.0,0.004110188325653671,0.012411702492353394
DRR171672,0.026219629398723267,0.7404850689388356,0.0,0.0,CRC,0.0,0.21540642427887746,0.0,0.0,0.016140079311019885,0.0002130151553809845,5.418684634592408e-05,0.0,0.00020415474258378736,0.0
DRR171680,0.03043958232626433,0.5172860357797004,1.6340243718496647e-05,1.6074708098739795e-05,CRC,0.0,0.3875905895155738,0.0011062003855949773,0.0,0.06188713063912823,0.0,0.0,0.0,0.00012808946955789285,0.0
DRR171683,0.027692132462139446,0.4714471108778415,2.225634735802761e-05,0.0,CRC,0.0,0.4813074545152591,0.0010608335115879655,8.602761434421791e-05,0.01567620987885283,5.326004372758794e-05,0.00016213406643258082,0.0,0.0007522907392596244,0.0
DRR171684,0.02593460880472933,0.5396717057115263,2.4538780732337186e-05,0.0,CRC,0.0,0.37303940299100896,0.01843972031071906,0.00010166681795788292,0.04135529697049035,0.0,0.0001177681824282701,0.0,5.8557295737667945e-05,0.0002449921481677677
DRR171685,0.016142583258981533,0.6176614954474763,4.4354139055246114e-05,0.0,CRC,0.0,0.32295420085539234,0.00026213218293162985,0.0,0.04156248803771834,0.0,5.128458106111472e-05,0.0,0.00016388983654197633,0.0
DRR171688,0.059358085675050715,0.4979082336601568,1.884958115425724e-05,0.0,CRC,0.0,0.3898319661326306,0.0002714606510094762,0.0,0.051260716478171285,0.0,0.0,0.0,4.94658821415001e-05,0.0
DRR171693,0.3740664405011015,0.3799031854079037,0.0,1.4971018504262353e-05,CRC,0.0,0.22123117798127745,0.014757985563968738,0.0,0.0050319367961354396,5.484526894574029e-05,0.003183207547556191,0.0,0.00023851754815201813,0.0
DRR171697,0.028302942375645332,0.4178366190205527,0.0,0.0,CRC,0.0,0.5447106229697259,2.115350832797365e-05,0.0,0.006640482879044908,0.0004701627754393341,0.00026694882886135984,0.0,7.273324565314553e-05,0.0
DRR171702,0.1024829985664674,0.18159027688714985,4.2634620407803634e-05,0.0,CRC,0.0,0.7024411342659399,0.0,0.0,0.00837056907293625,0.00010889992237887574,6.218657146701282e-05,0.0,0.003372462393120278,0.0
DRR171704,0.06731298710176116,0.38476552628466704,3.962610596089126e-05,0.0,CRC,0.0,0.4925460207752782,0.00016255471031519978,0.0,0.05336363112269511,0.0001019715071311866,1.701733839879575e-05,0.0,0.00017194567352869184,0.0
DRR171742,0.05136003992885469,0.489450547913575,6.820406357934668e-05,0.0,CRC,0.0,0.4077004897899804,0.007991795771462163,0.0,0.0418947480794676,6.519073807383461e-05,0.0,0.0,0.0002482026726341994,0.0
DRR171750,0.006659666356459413,0.6412954335223919,0.0,0.0,CRC,0.0,0.29554166424431644,0.0005608256963653965,0.0005121160064357948,0.050271815692133834,6.838307624142066e-05,0.00024862019924485875,0.0,0.00012090728215108601,0.0026494437926578344
DRR171764,0.014727882040522975,0.6778016083836722,2.7180331943001224e-05,0.0,CRC,0.0,0.22272976657146976,0.028875017681245386,0.0,0.02441188798336776,0.0,0.0,0.0,7.184583983538128e-05,0.030042042963865125
DRR171767,0.05463556216885097,0.473202003722485,1.757096965949225e-05,0.0,CRC,0.0,0.4100853759684659,0.0,8.321298748545879e-05,0.05905777960411278,0.0,0.0,0.0,0.0013814097460943466,0.0
DRR171784,0.0476505947213437,0.552504785218903,2.441363805536432e-05,0.0,CRC,0.0,0.3981621467034417,9.549655998768622e-05,0.0,4.318398902836192e-05,0.0,0.0,0.0,0.0005040317831713644,0.0
DRR171794,0.044030496664990655,0.5693614720389111,0.0,0.0,CRC,0.0,0.3538472123160186,0.00015529466260339652,0.0,0.031156448116667092,0.0,1.8341975787327482e-05,0.0,8.033642977135316e-05,3.7087557914982136e-05
DRR171800,0.0060352418944843314,0.6367826301664452,1.7027178280356344e-05,0.0,CRC,0.0,0.28007445170361633,0.0007331330041649482,0.0,0.030627014465944125,1.0148141499174093e-05,1.1715373363408204e-05,0.0,0.00013221347171004188,0.043802224434354435
DRR171805,0.00499518310653955,0.7583375295821807,0.0,0.0,CRC,0.0,0.13591033843488426,0.0656484892483124,0.0,0.034201043320803114,0.0,0.0,0.0,0.0,0.0
DRR171819,0.017600240104126027,0.4508296684049858,1.8395118045366805e-05,0.0,CRC,0.0,0.4810116877229916,0.027417534200491003,0.0,0.010395618753305228,0.0,0.0,0.0,0.0001545571187399387,0.010417065469310982
DRR171858,0.010296978177364495,0.44345529406291423,3.576510204501174e-05,0.0,CRC,0.0,0.4845668018632878,0.0011939683797623293,0.00012484819028353567,0.04648176291464507,3.0497917738755046e-05,1.3847635693275354e-05,0.0,0.0008910794468589422,0.01123278701167018
DRR171859,0.15286818281375775,0.41799963102928783,0.0,0.0,CRC,1.000039999834507e-05,0.3631111946422668,0.02288605867540111,0.0,0.039673634036293516,1.1668197217338393e-05,0.0,0.0,0.0019098010026689176,0.0
DRR171871,0.09117957043780887,0.6448309379389301,2.6899537200566228e-05,0.0,CRC,0.0,0.2238562750922246,0.0005959128545053846,0.0012160589011357356,0.0183153592467532,2.211733389816043e-05,0.004648498888872493,0.0,5.7871166480766004e-05,0.014195115394014059
DRR171879,0.014817930507444857,0.6822894262417651,8.880598196256485e-05,0.0,CRC,0.0,0.1667748084713585,0.09476935996252113,0.0,0.039230794492155684,2.0719991529188408e-05,1.1303687231899927e-05,0.0,0.0002492653662319229,0.0
DRR171891,0.01753751448521742,0.6076753985202713,0.0,0.0,CRC,0.0,0.3090768798490463,0.007630002679637125,0.0,0.056066303330239056,0.0,0.0,0.0,0.0005455093093206607,0.0
DRR171905,0.012949449246663828,0.6923355356512654,3.681746457990055e-05,0.0,CRC,0.0,0.1904529580639535,0.01301230566726762,0.0,0.012545105570420923,0.01951220223944741,0.0,0.0,1.6610492595676545e-05,0.057810433781623226
DRR171909,0.0019437365706801413,0.7719505456223351,2.336283865528732e-05,0.0,CRC,0.0,0.18839320253921613,0.00024740217769638894,0.0,0.033740689855500536,1.4859238195605475e-05,0.0,0.0,5.3030282595435936e-05,0.0020086725724102143
DRR171910,0.03941765829379816,0.4532274706914312,2.6718435076099975e-05,0.0,CRC,0.0,0.4746774084634232,2.821672995286867e-05,0.0,0.029294932485675437,1.5054520119783216e-05,0.0,0.0,0.0006716963977380476,0.0009892831264563596
