,Total_Associations,Positive_WithinGenus,Negative_WithinGenus,Positive_WithinFamily,Negative_WithinFamily,Positive_WithinOrder,Negative_WithinOrder,Positive_WithinClass,Negative_WithinClass,Positive_WithinPhylum,Negative_WithinPhylum,Positive_OutsidePhylum,Negative_OutsidePhylum
0,324,4,1.0,32,3.0,77,4,0.0,0.0,51,7.0,132,13
1,324,8,1.0,30,2.0,86,9,1.0,0.0,45,5.0,126,11
2,324,3,1.0,27,2.0,66,9,0.0,0.0,68,3.0,132,13
3,324,11,1.0,27,2.0,74,7,0.0,0.0,52,5.0,132,13
4,324,6,2.0,27,2.0,78,10,0.0,0.0,49,4.0,136,10
5,324,7,1.0,36,3.0,76,8,0.0,0.0,53,4.0,124,12
6,324,5,1.0,20,3.0,76,10,1.0,0.0,61,3.0,133,11
7,324,8,2.0,23,2.0,82,5,0.0,0.0,59,4.0,124,15
8,324,14,2.0,23,3.0,71,7,0.0,0.0,52,2.0,136,14
9,324,6,1.0,16,2.0,82,9,0.0,0.0,56,6.0,136,10
10,324,4,0.0,36,4.0,74,5,1.0,0.0,57,4.0,124,15
11,324,11,1.0,34,3.0,68,6,0.0,0.0,46,6.0,137,12
12,324,9,0.0,18,1.0,83,11,0.0,0.0,63,3.0,123,13
13,324,6,0.0,35,5.0,68,8,0.0,0.0,52,3.0,135,12
14,324,6,2.0,23,3.0,70,8,1.0,0.0,50,3.0,146,12
15,324,6,1.0,21,6.0,71,8,0.0,0.0,68,2.0,130,11
16,324,8,1.0,25,1.0,78,11,1.0,0.0,57,8.0,127,7
17,324,7,0.0,27,6.0,76,2,0.0,0.0,67,4.0,119,16
18,324,7,1.0,22,1.0,67,10,0.0,1.0,51,3.0,149,12
19,324,14,0.0,30,2.0,75,8,0.0,0.0,50,5.0,127,13
20,324,6,1.0,27,2.0,77,7,0.0,0.0,59,5.0,127,13
21,324,5,1.0,34,0.0,70,7,0.0,0.0,44,7.0,143,13
22,324,15,0.0,27,5.0,70,7,0.0,0.0,60,5.0,124,11
23,324,8,1.0,23,4.0,74,4,0.0,0.0,51,6.0,140,13
24,324,11,0.0,24,2.0,75,8,0.0,0.0,54,6.0,132,12
25,324,10,0.0,24,2.0,72,5,0.0,0.0,49,9.0,141,12
26,324,10,0.0,30,2.0,87,7,1.0,0.0,46,6.0,122,13
27,324,5,0.0,31,3.0,78,5,1.0,0.0,60,4.0,121,16
28,324,17,2.0,30,3.0,61,6,0.0,0.0,62,7.0,126,10
29,324,15,0.0,18,1.0,69,8,0.0,0.0,48,7.0,146,12
30,324,9,0.0,34,1.0,69,7,1.0,0.0,46,11.0,137,9
31,324,5,1.0,22,2.0,75,5,0.0,0.0,48,6.0,146,14
32,324,5,0.0,34,5.0,74,6,0.0,0.0,52,3.0,131,14
33,324,6,1.0,24,4.0,97,8,0.0,0.0,44,3.0,125,12
34,324,12,0.0,28,2.0,74,6,0.0,0.0,49,2.0,133,18
35,324,4,0.0,30,3.0,66,5,2.0,0.0,59,6.0,135,14
36,324,8,2.0,39,4.0,67,10,0.0,0.0,50,5.0,132,7
37,324,12,0.0,27,2.0,78,11,0.0,0.0,56,5.0,123,10
38,324,14,2.0,20,2.0,84,9,0.0,0.0,59,5.0,119,10
39,324,7,1.0,34,2.0,81,12,0.0,0.0,56,2.0,118,11
40,324,10,0.0,27,1.0,76,9,0.0,0.0,56,7.0,127,11
41,324,8,0.0,15,1.0,81,11,0.0,0.0,48,4.0,144,12
42,324,11,3.0,22,3.0,75,8,2.0,0.0,60,4.0,126,10
43,324,9,0.0,27,2.0,78,5,0.0,0.0,52,7.0,130,14
44,324,14,1.0,27,4.0,79,7,0.0,0.0,40,5.0,136,11
45,324,9,0.0,29,0.0,67,8,0.0,0.0,39,5.0,152,15
46,324,6,0.0,24,1.0,74,11,0.0,0.0,60,1.0,132,15
47,324,5,1.0,36,2.0,66,12,0.0,0.0,56,6.0,133,7
48,324,11,1.0,21,2.0,69,5,0.0,0.0,51,5.0,144,15
49,324,11,1.0,24,4.0,83,6,0.0,0.0,50,6.0,128,11
50,324,6,3.0,20,4.0,76,9,1.0,0.0,52,5.0,141,7
51,324,12,0.0,24,5.0,84,9,0.0,0.0,47,4.0,129,10
52,324,4,1.0,33,2.0,84,6,0.0,0.0,40,6.0,135,13
53,324,12,1.0,29,1.0,74,8,0.0,0.0,62,6.0,119,12
54,324,11,1.0,19,1.0,73,9,1.0,0.0,64,4.0,128,13
55,324,11,0.0,26,4.0,76,10,0.0,0.0,43,1.0,140,13
56,324,10,0.0,23,0.0,97,8,1.0,0.0,51,4.0,114,16
57,324,12,1.0,24,4.0,65,6,0.0,0.0,60,5.0,135,12
58,324,6,1.0,32,1.0,72,7,0.0,0.0,63,6.0,123,13
59,324,9,1.0,22,1.0,83,10,0.0,0.0,55,4.0,127,12
60,324,4,1.0,19,1.0,84,4,0.0,0.0,51,7.0,138,15
61,324,4,2.0,32,0.0,86,7,0.0,0.0,49,5.0,125,14
62,324,6,0.0,30,5.0,77,7,0.0,0.0,48,5.0,135,11
63,324,17,2.0,23,3.0,61,7,0.0,0.0,50,1.0,145,15
64,324,4,0.0,18,0.0,71,9,1.0,0.0,61,5.0,141,14
65,324,13,0.0,21,4.0,77,8,0.0,0.0,65,7.0,120,9
66,324,2,2.0,28,3.0,74,4,0.0,0.0,58,6.0,134,13
67,324,6,0.0,21,4.0,83,7,0.0,0.0,58,5.0,128,12
68,324,9,0.0,28,3.0,69,6,0.0,0.0,52,7.0,138,12
69,324,6,1.0,26,4.0,76,5,0.0,0.0,54,6.0,134,12
70,324,13,1.0,29,3.0,75,7,0.0,0.0,47,3.0,132,14
71,324,10,0.0,29,3.0,64,8,0.0,0.0,54,4.0,139,13
72,324,7,0.0,30,6.0,86,4,0.0,0.0,46,4.0,127,14
73,324,10,0.0,35,3.0,64,5,0.0,0.0,47,8.0,140,12
74,324,5,1.0,24,3.0,78,5,0.0,0.0,52,4.0,137,15
75,324,13,1.0,21,2.0,83,7,0.0,0.0,49,3.0,130,15
76,324,11,1.0,30,3.0,82,7,0.0,0.0,51,2.0,122,15
77,324,8,2.0,20,3.0,73,5,0.0,0.0,48,1.0,147,17
78,324,8,0.0,15,3.0,77,6,0.0,0.0,50,8.0,146,11
79,324,7,1.0,22,4.0,74,8,1.0,0.0,51,6.0,141,9
80,324,14,0.0,16,0.0,80,6,0.0,0.0,51,4.0,135,18
81,324,5,0.0,24,4.0,74,6,0.0,0.0,56,4.0,137,14
82,324,7,0.0,22,4.0,83,6,1.0,0.0,45,4.0,138,14
83,324,10,1.0,29,0.0,84,8,0.0,0.0,51,11.0,122,8
84,324,10,1.0,30,2.0,69,3,0.0,0.0,53,7.0,134,15
85,324,9,1.0,25,1.0,75,11,1.0,0.0,53,1.0,133,14
86,324,10,0.0,30,0.0,82,4,0.0,0.0,57,6.0,117,18
87,324,13,0.0,30,1.0,67,9,0.0,0.0,54,8.0,132,10
88,324,9,1.0,18,1.0,74,13,0.0,0.0,55,2.0,140,11
89,324,13,1.0,26,2.0,73,7,1.0,0.0,45,6.0,138,12
90,324,11,0.0,26,1.0,78,6,0.0,0.0,50,7.0,131,14
91,324,9,2.0,27,4.0,76,9,1.0,0.0,42,6.0,141,7
92,324,4,0.0,28,2.0,69,7,1.0,0.0,54,4.0,140,15
93,324,9,2.0,30,4.0,77,9,0.0,0.0,49,4.0,131,9
94,324,13,3.0,24,3.0,61,7,0.0,0.0,60,3.0,138,12
95,324,7,0.0,30,2.0,69,9,1.0,0.0,48,6.0,141,11
96,324,10,2.0,22,3.0,71,8,0.0,0.0,62,1.0,131,14
97,324,7,1.0,30,3.0,78,6,0.0,0.0,47,6.0,134,12
98,324,16,1.0,22,3.0,88,12,0.0,0.0,60,3.0,110,9
99,324,14,0.0,26,3.0,78,6,0.0,0.0,49,6.0,129,13
100,324,9,1.0,33,1.0,70,9,0.0,0.0,53,3.0,131,14
101,324,14,3.0,16,1.0,85,3,0.0,0.0,45,5.0,136,16
102,324,9,2.0,24,4.0,64,5,0.0,0.0,60,5.0,139,12
103,324,10,1.0,25,1.0,80,8,0.0,0.0,46,6.0,135,12
104,324,2,2.0,29,2.0,73,8,0.0,0.0,59,5.0,133,11
105,324,10,3.0,22,1.0,67,6,0.0,0.0,62,8.0,135,10
106,324,10,0.0,19,2.0,86,6,2.0,0.0,53,3.0,126,17
107,324,8,1.0,26,3.0,75,7,0.0,0.0,51,5.0,136,12
108,324,9,0.0,23,2.0,73,7,0.0,0.0,46,8.0,145,11
109,324,9,0.0,36,2.0,75,9,0.0,0.0,52,5.0,124,12
110,324,10,0.0,20,4.0,70,10,0.0,0.0,49,7.0,147,7
111,324,10,2.0,23,2.0,68,8,1.0,0.0,58,2.0,136,14
112,324,7,1.0,32,3.0,76,4,0.0,0.0,46,6.0,135,14
113,324,10,2.0,25,4.0,79,5,0.0,0.0,50,5.0,132,12
114,324,5,0.0,20,1.0,73,9,1.0,0.0,68,1.0,129,17
115,324,16,1.0,26,1.0,71,8,0.0,0.0,45,6.0,138,12
116,324,9,2.0,16,3.0,88,7,0.0,0.0,51,6.0,132,10
117,324,7,0.0,20,3.0,60,10,0.0,0.0,68,2.0,141,13
118,324,10,2.0,37,2.0,76,9,0.0,0.0,51,4.0,122,11
119,324,12,1.0,26,2.0,81,8,0.0,0.0,41,4.0,136,13
120,324,3,2.0,20,5.0,71,8,0.0,0.0,56,2.0,146,11
121,324,10,1.0,23,2.0,82,6,1.0,0.0,49,5.0,131,14
122,324,6,0.0,31,3.0,80,8,0.0,0.0,48,4.0,131,13
123,324,6,3.0,34,1.0,76,11,0.0,0.0,54,6.0,126,7
124,324,13,1.0,28,5.0,76,8,1.0,0.0,48,4.0,130,10
125,324,12,0.0,18,3.0,75,8,0.0,0.0,59,4.0,132,13
126,324,9,0.0,19,2.0,69,7,0.0,0.0,51,4.0,148,15
127,324,9,0.0,31,3.0,65,7,0.0,0.0,65,2.0,126,16
128,324,9,1.0,31,0.0,71,8,1.0,0.0,55,9.0,129,10
129,324,8,0.0,29,3.0,75,9,0.0,0.0,53,4.0,131,12
130,324,8,0.0,38,3.0,69,6,0.0,0.0,35,2.0,146,17
131,324,9,1.0,19,3.0,67,8,1.0,0.0,53,6.0,147,10
132,324,8,1.0,30,4.0,70,6,1.0,0.0,59,4.0,128,13
133,324,14,1.0,24,1.0,69,6,0.0,0.0,54,6.0,135,14
134,324,11,2.0,30,3.0,75,7,0.0,0.0,50,2.0,130,14
135,324,10,0.0,24,2.0,65,6,1.0,0.0,45,5.0,151,15
136,324,8,2.0,34,2.0,65,5,0.0,0.0,44,8.0,145,11
137,324,6,0.0,18,3.0,84,11,0.0,0.0,54,5.0,134,9
138,324,8,2.0,20,2.0,72,4,1.0,0.0,60,3.0,135,17
139,324,8,0.0,18,2.0,84,6,1.0,0.0,49,4.0,136,16
140,324,4,1.0,25,1.0,85,8,0.0,0.0,49,5.0,133,13
141,324,5,0.0,21,2.0,93,14,0.0,1.0,54,7.0,123,4
142,324,17,0.0,26,8.0,60,5,0.0,0.0,61,4.0,132,11
143,324,7,0.0,29,3.0,78,6,0.0,0.0,54,8.0,128,11
144,324,10,0.0,21,2.0,75,5,0.0,0.0,51,3.0,139,18
145,324,6,0.0,38,2.0,64,7,0.0,0.0,48,6.0,140,13
146,324,14,1.0,22,2.0,75,6,0.0,0.0,61,7.0,124,12
147,324,7,1.0,23,2.0,64,6,0.0,0.0,49,7.0,153,12
148,324,9,1.0,27,1.0,66,8,0.0,1.0,53,1.0,141,16
149,324,5,0.0,26,4.0,84,3,0.0,0.0,53,8.0,128,13
150,324,6,1.0,22,1.0,85,7,0.0,0.0,57,6.0,126,13
151,324,9,1.0,19,0.0,74,8,3.0,0.0,51,5.0,140,14
152,324,7,0.0,25,2.0,68,6,0.0,0.0,41,7.0,155,13
153,324,10,1.0,24,4.0,79,7,0.0,0.0,46,6.0,137,10
154,324,6,0.0,23,3.0,73,7,0.0,0.0,62,8.0,132,10
155,324,4,0.0,20,1.0,88,6,0.0,0.0,43,1.0,141,20
156,324,10,1.0,25,0.0,73,6,0.0,0.0,51,9.0,137,12
157,324,8,1.0,25,2.0,70,8,0.0,0.0,57,6.0,136,11
158,324,6,0.0,30,1.0,79,8,0.0,0.0,47,7.0,134,12
159,324,8,1.0,21,2.0,75,5,1.0,0.0,51,6.0,140,14
160,324,16,0.0,20,2.0,87,6,0.0,0.0,57,5.0,116,15
161,324,13,1.0,26,3.0,81,8,0.0,0.0,53,4.0,123,12
162,324,13,0.0,18,4.0,84,8,0.0,0.0,49,2.0,132,14
163,324,13,0.0,29,7.0,71,9,0.0,0.0,42,6.0,141,6
164,324,7,0.0,15,2.0,73,7,0.0,0.0,61,10.0,140,9
165,324,7,2.0,22,1.0,78,11,0.0,0.0,52,8.0,137,6
166,324,7,1.0,36,1.0,84,9,0.0,0.0,52,5.0,117,12
167,324,13,1.0,26,1.0,78,8,0.0,0.0,40,4.0,139,14
168,324,8,0.0,23,4.0,86,5,0.0,0.0,48,5.0,131,14
169,324,4,1.0,19,3.0,73,7,0.0,0.0,51,5.0,149,12
170,324,11,3.0,20,3.0,71,8,0.0,0.0,49,4.0,145,10
171,324,12,4.0,22,3.0,72,4,0.0,0.0,54,6.0,136,11
172,324,8,0.0,29,4.0,76,6,0.0,0.0,55,2.0,128,16
173,324,7,4.0,24,1.0,75,6,0.0,0.0,46,4.0,144,13
174,324,8,0.0,28,3.0,79,3,0.0,0.0,54,3.0,127,19
175,324,6,0.0,18,1.0,76,10,1.0,0.0,65,4.0,130,13
176,324,10,0.0,22,2.0,83,4,0.0,0.0,57,7.0,124,15
177,324,11,1.0,30,2.0,77,7,0.0,0.0,49,6.0,129,12
178,324,9,0.0,26,1.0,73,9,0.0,0.0,69,7.0,119,11
179,324,6,1.0,22,2.0,68,5,0.0,0.0,53,9.0,147,11
180,324,8,3.0,18,4.0,87,7,0.0,0.0,58,6.0,125,8
181,324,8,0.0,25,2.0,76,8,1.0,0.0,51,3.0,135,15
182,324,10,1.0,32,3.0,60,8,0.0,0.0,46,3.0,148,13
183,324,7,0.0,24,2.0,75,13,0.0,0.0,44,3.0,146,10
184,324,6,0.0,21,2.0,71,5,0.0,0.0,52,3.0,146,18
185,324,7,0.0,22,3.0,83,5,0.0,0.0,56,5.0,128,15
186,324,11,1.0,34,3.0,64,6,0.0,0.0,59,6.0,128,12
187,324,11,2.0,20,5.0,76,8,0.0,0.0,59,7.0,130,6
188,324,5,2.0,27,2.0,73,7,1.0,0.0,53,3.0,137,14
189,324,7,0.0,25,3.0,73,4,0.0,0.0,50,7.0,141,14
190,324,7,1.0,19,3.0,85,5,1.0,0.0,52,6.0,132,13
191,324,8,1.0,25,0.0,68,11,0.0,0.0,61,3.0,134,13
192,324,9,1.0,22,2.0,77,7,0.0,0.0,39,4.0,149,14
193,324,9,1.0,29,5.0,88,6,0.0,0.0,49,6.0,121,10
194,324,8,1.0,34,3.0,70,7,0.0,0.0,62,5.0,122,12
195,324,10,1.0,25,0.0,69,7,0.0,0.0,50,3.0,142,17
196,324,11,1.0,26,3.0,64,9,0.0,0.0,65,4.0,130,11
197,324,9,2.0,29,0.0,78,6,0.0,0.0,53,8.0,127,12
198,324,13,1.0,27,3.0,76,9,0.0,0.0,47,4.0,133,11
199,324,11,0.0,25,3.0,64,11,0.0,0.0,63,4.0,133,10
200,324,10,2.0,23,0.0,77,8,0.0,0.0,44,8.0,142,10
201,324,8,2.0,20,1.0,83,8,0.0,0.0,38,6.0,147,11
202,324,5,0.0,34,3.0,77,8,0.0,0.0,54,2.0,126,15
203,324,7,1.0,28,4.0,91,8,0.0,0.0,50,5.0,120,10
204,324,11,1.0,19,4.0,70,5,0.0,0.0,48,7.0,148,11
205,324,4,0.0,30,3.0,74,5,1.0,0.0,60,4.0,127,16
206,324,12,0.0,29,0.0,83,7,0.0,0.0,52,7.0,120,14
207,324,7,1.0,22,2.0,92,7,0.0,0.0,47,6.0,128,12
208,324,11,2.0,27,2.0,68,5,0.0,0.0,64,5.0,126,14
209,324,4,1.0,33,2.0,65,5,1.0,0.0,55,6.0,138,14
210,324,12,2.0,27,3.0,68,10,0.0,0.0,52,3.0,137,10
211,324,11,1.0,28,2.0,84,6,0.0,1.0,52,6.0,121,12
212,324,6,3.0,28,1.0,64,8,0.0,0.0,47,7.0,151,9
213,324,10,0.0,31,2.0,67,8,0.0,0.0,56,6.0,132,12
214,324,6,2.0,31,2.0,78,6,0.0,0.0,51,3.0,130,15
215,324,5,3.0,26,1.0,64,7,0.0,0.0,66,5.0,135,12
216,324,9,2.0,27,1.0,86,9,0.0,0.0,55,2.0,119,14
217,324,13,2.0,20,2.0,78,12,0.0,0.0,61,3.0,124,9
218,324,13,3.0,19,4.0,80,6,0.0,0.0,55,6.0,129,9
219,324,6,1.0,30,1.0,70,4,0.0,0.0,61,3.0,129,19
220,324,8,0.0,29,4.0,73,5,1.0,0.0,44,7.0,141,12
221,324,15,1.0,18,1.0,68,9,0.0,0.0,52,4.0,143,13
222,324,7,1.0,19,4.0,84,8,0.0,0.0,52,6.0,134,9
223,324,6,1.0,23,0.0,73,7,0.0,0.0,53,5.0,141,15
224,324,11,0.0,30,1.0,67,10,0.0,0.0,50,4.0,138,13
225,324,7,1.0,24,3.0,74,4,1.0,0.0,59,7.0,131,13
226,324,10,0.0,26,1.0,81,6,0.0,0.0,54,6.0,125,15
227,324,4,1.0,22,4.0,96,7,0.0,0.0,65,5.0,109,11
228,324,5,1.0,28,3.0,89,7,0.0,0.0,41,6.0,133,11
229,324,10,0.0,20,2.0,68,11,0.0,0.0,53,8.0,145,7
230,324,6,2.0,32,4.0,83,4,0.0,0.0,60,6.0,115,12
231,324,8,0.0,32,2.0,75,6,0.0,0.0,58,8.0,123,12
232,324,7,0.0,27,3.0,63,7,0.0,0.0,60,6.0,139,12
233,324,5,0.0,26,0.0,66,11,1.0,0.0,66,5.0,132,12
234,324,10,0.0,22,0.0,85,9,1.0,0.0,39,6.0,139,13
235,324,6,0.0,31,2.0,75,11,1.0,0.0,45,3.0,138,12
236,324,12,1.0,26,4.0,74,5,1.0,0.0,52,5.0,131,13
237,324,11,3.0,31,1.0,78,5,1.0,0.0,53,4.0,122,15
238,324,13,0.0,19,2.0,69,7,1.0,0.0,67,9.0,127,10
239,324,11,0.0,21,2.0,82,7,0.0,0.0,53,4.0,129,15
240,324,12,0.0,17,3.0,81,11,0.0,0.0,53,6.0,133,8
241,324,9,2.0,23,2.0,80,4,0.0,0.0,53,8.0,131,12
242,324,7,1.0,16,2.0,73,9,0.0,0.0,54,5.0,146,11
243,324,7,1.0,22,3.0,77,5,0.0,0.0,59,6.0,131,13
244,324,8,1.0,33,2.0,88,10,0.0,0.0,43,1.0,124,14
245,324,12,1.0,21,4.0,70,7,0.0,0.0,58,6.0,135,10
246,324,9,0.0,27,1.0,75,8,0.0,0.0,50,7.0,135,12
247,324,12,1.0,29,1.0,77,10,1.0,0.0,50,5.0,127,11
248,324,14,0.0,24,3.0,74,3,1.0,0.0,49,6.0,134,16
249,324,6,0.0,22,4.0,69,6,0.0,0.0,57,4.0,142,14
250,324,8,0.0,21,3.0,80,9,0.0,0.0,60,8.0,127,8
251,324,13,1.0,27,1.0,83,9,0.0,0.0,44,5.0,129,12
252,324,14,2.0,29,2.0,95,4,1.0,0.0,48,6.0,109,14
253,324,11,0.0,26,4.0,76,6,0.0,0.0,47,3.0,136,15
254,324,9,2.0,32,3.0,72,10,0.0,0.0,51,4.0,132,9
255,324,10,1.0,31,2.0,70,5,1.0,0.0,52,3.0,132,17
256,324,10,0.0,28,3.0,72,5,0.0,0.0,53,6.0,133,14
257,324,8,3.0,33,0.0,78,8,0.0,0.0,42,3.0,135,14
258,324,5,0.0,26,2.0,69,10,1.0,0.0,63,3.0,132,13
259,324,11,2.0,20,2.0,83,4,0.0,0.0,49,5.0,133,15
260,324,12,2.0,28,3.0,62,5,0.0,0.0,59,4.0,135,14
261,324,11,1.0,30,1.0,73,11,0.0,0.0,55,4.0,127,11
262,324,6,1.0,21,4.0,70,9,0.0,0.0,63,4.0,136,10
263,324,8,0.0,28,4.0,89,5,0.0,0.0,44,7.0,127,12
264,324,9,1.0,26,2.0,73,10,1.0,0.0,55,7.0,132,8
265,324,11,1.0,22,1.0,89,7,0.0,0.0,56,5.0,118,14
266,324,10,1.0,20,3.0,79,4,1.0,0.0,46,6.0,140,14
267,324,8,1.0,31,2.0,82,3,0.0,0.0,46,8.0,129,14
268,324,11,2.0,18,2.0,70,9,0.0,0.0,55,4.0,142,11
269,324,9,1.0,28,2.0,77,6,0.0,0.0,56,8.0,126,11
270,324,11,0.0,14,1.0,87,8,0.0,0.0,50,5.0,134,14
271,324,8,1.0,32,2.0,68,10,0.0,0.0,51,5.0,137,10
272,324,10,1.0,26,4.0,83,8,0.0,0.0,60,6.0,117,9
273,324,6,2.0,28,1.0,72,4,0.0,0.0,48,5.0,142,16
274,324,9,0.0,22,0.0,77,4,0.0,0.0,60,6.0,128,18
275,324,8,1.0,24,4.0,70,7,0.0,0.0,60,3.0,134,13
276,324,10,0.0,30,3.0,78,6,1.0,0.0,52,6.0,125,13
277,324,7,2.0,29,2.0,73,8,1.0,0.0,57,3.0,129,13
278,324,11,0.0,18,2.0,76,11,0.0,0.0,62,7.0,129,8
279,324,7,0.0,26,2.0,63,4,0.0,0.0,65,6.0,135,16
280,324,4,0.0,27,4.0,68,7,1.0,0.0,55,3.0,141,14
281,324,10,2.0,26,3.0,70,7,1.0,0.0,51,6.0,138,10
282,324,8,0.0,26,2.0,73,6,0.0,0.0,51,5.0,138,15
283,324,8,0.0,26,2.0,73,13,0.0,0.0,54,2.0,135,11
284,324,5,3.0,32,3.0,80,9,0.0,0.0,56,0.0,123,13
285,324,12,1.0,27,6.0,64,2,1.0,0.0,50,3.0,142,16
286,324,5,3.0,28,2.0,87,7,1.0,0.0,58,7.0,117,9
287,324,10,0.0,25,2.0,77,10,0.0,0.0,55,3.0,129,13
288,324,9,0.0,21,4.0,84,2,0.0,0.0,55,3.0,127,19
289,324,10,2.0,28,2.0,66,8,1.0,0.0,50,5.0,141,11
290,324,8,0.0,28,2.0,81,6,0.0,0.0,62,5.0,117,15
291,324,12,0.0,24,2.0,71,6,1.0,0.0,51,1.0,137,19
292,324,8,0.0,27,1.0,66,6,0.0,0.0,51,5.0,144,16
293,324,8,0.0,24,3.0,71,8,0.0,0.0,56,5.0,137,12
294,324,8,0.0,21,1.0,68,8,0.0,0.0,56,8.0,143,11
295,324,12,2.0,28,0.0,89,8,0.0,0.0,44,7.0,123,11
296,324,7,0.0,27,1.0,71,5,1.0,0.0,52,8.0,138,14
297,324,6,1.0,31,5.0,78,8,0.0,0.0,56,3.0,125,11
298,324,5,1.0,19,3.0,58,3,0.0,1.0,52,6.0,162,14
299,324,14,1.0,30,3.0,78,9,0.0,0.0,45,2.0,129,13
300,324,7,1.0,25,1.0,79,12,1.0,0.0,54,3.0,130,11
301,324,10,2.0,28,2.0,80,10,0.0,0.0,51,8.0,127,6
302,324,12,1.0,28,5.0,68,6,1.0,0.0,53,4.0,134,12
303,324,10,0.0,27,2.0,82,8,0.0,0.0,41,6.0,136,12
304,324,7,0.0,17,1.0,71,6,0.0,0.0,61,5.0,140,16
305,324,7,0.0,23,1.0,67,6,0.0,0.0,59,9.0,140,12
306,324,8,1.0,19,1.0,77,5,0.0,1.0,65,4.0,127,16
307,324,6,1.0,30,4.0,78,7,0.0,0.0,43,4.0,139,12
308,324,13,1.0,27,3.0,80,6,0.0,0.0,61,3.0,115,15
309,324,4,3.0,27,0.0,76,11,0.0,0.0,62,2.0,127,12
310,324,6,2.0,23,1.0,86,6,0.0,0.0,48,5.0,133,14
311,324,10,2.0,23,3.0,70,6,0.0,0.0,57,5.0,136,12
312,324,9,2.0,27,4.0,87,7,0.0,0.0,57,3.0,116,12
313,324,10,1.0,24,1.0,65,7,0.0,0.0,63,9.0,134,10
314,324,7,0.0,25,2.0,69,10,1.0,0.0,63,3.0,131,13
315,324,14,3.0,37,0.0,77,7,0.0,0.0,35,7.0,133,11
316,324,8,2.0,21,3.0,71,10,1.0,0.0,70,6.0,125,7
317,324,8,0.0,24,3.0,82,5,0.0,0.0,53,10.0,129,10
318,324,9,0.0,21,0.0,71,10,0.0,0.0,57,5.0,138,13
319,324,8,1.0,21,3.0,76,7,1.0,0.0,53,3.0,137,14
320,324,10,2.0,28,6.0,74,9,0.0,0.0,58,3.0,126,8
321,324,9,0.0,29,0.0,71,10,0.0,0.0,48,5.0,139,13
322,324,6,1.0,31,3.0,69,3,1.0,0.0,48,5.0,141,16
323,324,6,0.0,22,3.0,75,9,0.0,0.0,45,4.0,148,12
324,324,6,0.0,24,3.0,81,11,1.0,0.0,52,6.0,132,8
325,324,11,0.0,18,2.0,87,6,2.0,0.0,59,5.0,119,15
326,324,8,0.0,21,2.0,89,4,0.0,0.0,59,7.0,119,15
327,324,5,0.0,14,3.0,75,4,1.0,0.0,57,7.0,144,14
328,324,6,1.0,29,3.0,78,9,0.0,0.0,56,4.0,127,11
329,324,7,2.0,26,0.0,82,6,0.0,0.0,41,7.0,140,13
330,324,13,0.0,18,1.0,79,12,0.0,0.0,50,3.0,136,12
331,324,7,1.0,17,1.0,77,5,1.0,0.0,44,5.0,150,16
332,324,4,1.0,25,4.0,76,6,0.0,0.0,59,4.0,132,13
333,324,11,0.0,24,2.0,66,9,0.0,0.0,59,2.0,136,15
334,324,15,0.0,19,4.0,89,6,0.0,0.0,52,6.0,121,12
335,324,12,0.0,27,2.0,69,11,0.0,0.0,54,6.0,134,9
336,324,8,3.0,31,1.0,78,6,0.0,0.0,50,6.0,129,12
337,324,12,0.0,22,2.0,78,6,1.0,0.0,46,7.0,137,13
338,324,6,0.0,20,4.0,73,8,3.0,0.0,55,7.0,139,9
339,324,5,3.0,26,3.0,69,8,0.0,0.0,47,6.0,149,8
340,324,7,1.0,26,4.0,64,6,0.0,0.0,55,3.0,144,14
341,324,15,1.0,23,2.0,80,5,0.0,0.0,44,8.0,134,12
342,324,3,0.0,14,2.0,87,8,0.0,0.0,54,4.0,138,14
343,324,10,3.0,26,1.0,74,5,0.0,0.0,60,9.0,126,10
344,324,5,4.0,22,3.0,93,5,1.0,0.0,48,5.0,127,11
345,324,12,1.0,35,0.0,82,4,1.0,0.0,53,11.0,113,12
346,324,12,0.0,22,1.0,81,8,0.0,0.0,42,3.0,139,16
347,324,7,1.0,27,2.0,69,7,0.0,0.0,52,8.0,141,10
348,324,11,1.0,25,2.0,85,6,0.0,0.0,51,8.0,124,11
349,324,6,2.0,31,3.0,82,1,0.0,0.0,54,2.0,123,20
350,324,8,1.0,28,2.0,74,4,0.0,0.0,56,8.0,130,13
351,324,10,0.0,13,2.0,82,5,0.0,0.0,46,8.0,145,13
352,324,6,2.0,31,1.0,68,7,1.0,0.0,47,4.0,143,14
353,324,8,0.0,22,5.0,71,9,0.0,0.0,45,5.0,150,9
354,324,6,0.0,24,4.0,80,9,0.0,0.0,52,6.0,134,9
355,324,7,0.0,19,1.0,79,5,0.0,0.0,52,7.0,139,15
356,324,11,0.0,21,1.0,69,10,2.0,0.0,62,5.0,131,12
357,324,7,1.0,29,1.0,68,11,0.0,0.0,63,4.0,129,11
358,324,12,0.0,25,2.0,75,4,0.0,0.0,56,9.0,128,13
359,324,7,0.0,27,5.0,68,11,0.0,0.0,44,4.0,150,8
360,324,9,2.0,22,4.0,71,9,0.0,0.0,52,5.0,142,8
361,324,6,0.0,32,2.0,68,4,0.0,0.0,53,8.0,137,14
362,324,9,0.0,22,2.0,77,13,0.0,0.0,34,4.0,154,9
363,324,9,1.0,33,1.0,66,7,0.0,0.0,49,8.0,139,11
364,324,9,1.0,27,4.0,80,6,0.0,0.0,49,5.0,131,12
365,324,9,1.0,26,4.0,75,8,1.0,0.0,55,3.0,130,12
366,324,5,0.0,24,4.0,75,9,0.0,0.0,42,4.0,150,11
367,324,10,1.0,24,5.0,77,8,0.0,0.0,63,1.0,122,13
368,324,7,3.0,28,2.0,70,7,0.0,0.0,55,5.0,136,11
369,324,13,0.0,19,4.0,85,8,0.0,0.0,70,3.0,109,13
370,324,5,1.0,23,1.0,76,7,1.0,0.0,49,6.0,142,13
371,324,7,1.0,19,2.0,71,7,0.0,0.0,55,2.0,144,16
372,324,14,0.0,31,5.0,71,10,1.0,0.0,63,4.0,116,9
373,324,5,0.0,21,0.0,83,5,0.0,0.0,54,8.0,133,15
374,324,6,0.0,25,0.0,85,12,0.0,0.0,52,2.0,128,14
375,324,8,1.0,25,1.0,80,6,0.0,0.0,53,7.0,130,13
376,324,7,0.0,30,1.0,68,5,0.0,0.0,52,5.0,139,17
377,324,10,1.0,28,2.0,74,9,0.0,0.0,49,6.0,135,10
378,324,9,1.0,31,1.0,74,10,0.0,0.0,44,7.0,138,9
379,324,8,0.0,21,3.0,78,9,1.0,0.0,55,5.0,133,11
380,324,9,1.0,22,0.0,73,7,0.0,0.0,62,7.0,130,13
381,324,14,0.0,26,5.0,81,4,0.0,0.0,44,7.0,131,12
382,324,5,2.0,34,4.0,75,6,0.0,0.0,51,7.0,131,9
383,324,6,0.0,30,0.0,83,7,1.0,0.0,39,8.0,137,13
384,324,10,0.0,22,2.0,69,4,1.0,0.0,62,4.0,132,18
385,324,7,3.0,33,1.0,69,7,0.0,0.0,56,5.0,131,12
386,324,7,2.0,19,2.0,72,7,1.0,0.0,52,4.0,145,13
387,324,8,5.0,21,4.0,87,5,0.0,0.0,59,5.0,121,9
388,324,9,0.0,19,1.0,76,7,1.0,0.0,61,7.0,130,13
389,324,8,1.0,28,3.0,65,6,0.0,0.0,63,2.0,132,16
390,324,9,1.0,20,1.0,73,7,0.0,0.0,56,6.0,138,13
391,324,11,0.0,23,1.0,77,8,0.0,0.0,52,7.0,133,12
392,324,7,2.0,22,2.0,86,9,0.0,0.0,51,4.0,130,11
393,324,6,1.0,28,4.0,76,7,0.0,0.0,46,5.0,140,11
394,324,10,2.0,23,0.0,74,9,0.0,0.0,51,6.0,138,11
395,324,9,1.0,22,4.0,85,8,0.0,0.0,41,5.0,139,10
396,324,16,1.0,24,2.0,89,9,0.0,0.0,45,3.0,122,13
397,324,14,0.0,25,5.0,82,10,0.0,0.0,48,4.0,127,9
398,324,8,0.0,22,0.0,74,6,0.0,0.0,59,6.0,133,16
399,324,4,1.0,16,2.0,81,12,0.0,0.0,63,4.0,132,9
400,324,7,0.0,20,4.0,73,6,1.0,0.0,49,3.0,146,15
401,324,3,2.0,21,3.0,69,2,0.0,0.0,45,6.0,158,15
402,324,12,0.0,26,2.0,72,11,0.0,0.0,58,0.0,128,15
403,324,5,1.0,24,4.0,75,4,0.0,0.0,56,3.0,136,16
404,324,9,0.0,21,3.0,78,11,0.0,0.0,54,4.0,134,10
405,324,8,1.0,27,1.0,76,7,0.0,0.0,42,4.0,143,15
406,324,6,0.0,23,4.0,80,5,0.0,0.0,53,8.0,134,11
407,324,5,3.0,16,1.0,79,5,0.0,0.0,51,5.0,145,14
408,324,10,1.0,15,3.0,83,9,0.0,0.0,48,5.0,140,10
409,324,3,1.0,30,1.0,67,7,0.0,0.0,62,7.0,134,12
410,324,8,0.0,26,1.0,71,4,0.0,0.0,44,10.0,147,13
411,324,8,2.0,21,3.0,80,9,0.0,0.0,56,3.0,131,11
412,324,9,1.0,20,3.0,63,3,0.0,0.0,57,8.0,147,13
413,324,8,2.0,17,3.0,72,7,1.0,0.0,50,3.0,148,13
414,324,7,2.0,25,0.0,74,6,0.0,0.0,46,7.0,144,13
415,324,6,0.0,24,4.0,72,7,0.0,0.0,58,2.0,136,15
416,324,13,0.0,20,1.0,68,10,0.0,0.0,50,3.0,145,14
417,324,5,1.0,20,3.0,80,7,0.0,0.0,58,4.0,133,13
418,324,9,1.0,26,3.0,76,6,0.0,0.0,57,3.0,128,15
419,324,11,3.0,26,3.0,68,10,0.0,0.0,47,2.0,144,10
420,324,6,1.0,36,4.0,70,8,0.0,0.0,47,3.0,137,12
421,324,7,0.0,21,1.0,82,3,1.0,0.0,46,13.0,139,11
422,324,9,1.0,19,4.0,72,10,1.0,0.0,61,3.0,134,10
423,324,5,1.0,29,2.0,79,7,0.0,0.0,60,5.0,123,13
424,324,6,1.0,26,2.0,81,6,0.0,0.0,56,8.0,127,11
425,324,13,0.0,38,2.0,68,5,0.0,0.0,49,7.0,128,14
426,324,4,0.0,27,1.0,81,9,0.0,0.0,55,7.0,129,11
427,324,4,1.0,33,3.0,80,7,0.0,0.0,52,5.0,127,12
428,324,6,0.0,20,0.0,83,5,0.0,0.0,59,5.0,128,18
429,324,9,0.0,26,2.0,71,8,1.0,0.0,53,1.0,136,17
430,324,9,2.0,26,4.0,81,10,1.0,0.0,55,4.0,124,8
431,324,9,1.0,24,1.0,81,8,0.0,0.0,49,7.0,133,11
432,324,5,0.0,29,3.0,79,9,0.0,0.0,46,6.0,137,10
433,324,10,1.0,27,2.0,71,6,0.0,0.0,53,10.0,135,9
434,324,8,0.0,18,2.0,79,2,1.0,0.0,51,6.0,139,18
435,324,10,0.0,29,2.0,68,10,2.0,0.0,46,4.0,141,12
436,324,7,1.0,30,3.0,75,9,1.0,0.0,47,1.0,136,14
437,324,5,0.0,19,2.0,70,10,0.0,0.0,66,7.0,136,9
438,324,9,0.0,19,0.0,82,9,0.0,0.0,55,2.0,131,17
439,324,9,1.0,27,5.0,64,4,0.0,0.0,63,8.0,133,10
440,324,13,1.0,22,3.0,83,8,1.0,0.0,38,6.0,139,10
441,324,9,2.0,39,1.0,75,11,0.0,0.0,50,4.0,123,10
442,324,9,0.0,28,0.0,74,8,0.0,0.0,50,4.0,135,16
443,324,16,2.0,31,2.0,78,5,0.0,0.0,51,8.0,120,11
444,324,3,0.0,25,1.0,82,6,0.0,0.0,48,3.0,138,18
445,324,12,0.0,25,0.0,78,9,0.0,0.0,50,4.0,131,15
446,324,9,2.0,21,4.0,80,6,0.0,0.0,56,3.0,130,13
447,324,7,4.0,28,2.0,81,6,1.0,0.0,54,3.0,125,13
448,324,12,0.0,21,2.0,86,6,0.0,0.0,49,4.0,128,16
449,324,8,0.0,19,0.0,76,9,0.0,0.0,65,7.0,128,12
450,324,8,1.0,19,4.0,69,7,1.0,0.0,65,6.0,134,10
451,324,8,0.0,20,0.0,74,4,0.0,0.0,49,5.0,145,19
452,324,9,2.0,31,2.0,72,7,0.0,0.0,53,4.0,131,13
453,324,4,0.0,19,4.0,75,9,0.0,0.0,57,3.0,141,12
454,324,7,0.0,23,2.0,80,6,1.0,0.0,48,4.0,137,16
455,324,9,1.0,23,3.0,72,6,1.0,0.0,52,4.0,139,14
456,324,7,0.0,17,1.0,69,6,0.0,0.0,64,8.0,139,13
457,324,11,0.0,24,2.0,65,5,2.0,0.0,59,6.0,135,15
458,324,8,0.0,24,2.0,78,6,0.0,0.0,58,8.0,128,12
459,324,3,0.0,25,2.0,82,7,0.0,0.0,54,6.0,132,13
460,324,6,0.0,20,0.0,67,9,0.0,0.0,52,5.0,151,14
461,324,11,0.0,23,2.0,69,4,1.0,0.0,52,4.0,140,18
462,324,6,0.0,27,0.0,78,5,1.0,0.0,48,5.0,136,18
463,324,9,1.0,30,5.0,75,7,1.0,0.0,52,6.0,129,9
464,324,7,0.0,29,5.0,79,7,0.0,0.0,48,6.0,133,10
465,324,9,0.0,31,3.0,58,7,1.0,0.0,59,3.0,138,15
466,324,5,0.0,22,3.0,80,9,0.0,0.0,57,7.0,132,9
467,324,7,3.0,24,3.0,73,7,0.0,0.0,54,2.0,138,13
468,324,11,0.0,23,3.0,79,6,0.0,0.0,54,3.0,129,16
469,324,9,1.0,28,6.0,76,3,0.0,0.0,52,4.0,131,14
470,324,14,2.0,22,5.0,72,2,0.0,0.0,49,3.0,139,16
471,324,10,1.0,19,3.0,79,9,1.0,0.0,62,3.0,125,12
472,324,9,1.0,27,3.0,75,3,0.0,0.0,62,6.0,123,15
473,324,11,0.0,33,1.0,64,10,1.0,0.0,56,6.0,131,11
474,324,15,1.0,17,2.0,74,5,0.0,0.0,56,4.0,134,16
475,324,10,0.0,30,5.0,70,8,0.0,0.0,61,5.0,125,10
476,324,7,0.0,23,2.0,91,7,0.0,0.0,64,6.0,111,13
477,324,6,1.0,17,2.0,75,6,0.0,0.0,62,5.0,136,14
478,324,6,2.0,25,1.0,75,12,1.0,0.0,44,6.0,145,7
479,324,7,1.0,23,3.0,81,9,0.0,0.0,57,3.0,128,12
480,324,9,1.0,31,3.0,63,4,0.0,0.0,51,6.0,142,14
481,324,9,1.0,18,2.0,92,7,1.0,0.0,53,4.0,123,14
482,324,6,0.0,25,2.0,67,7,0.0,0.0,58,6.0,140,13
483,324,3,1.0,23,4.0,68,3,0.0,0.0,68,3.0,134,17
484,324,7,1.0,22,2.0,75,5,0.0,0.0,51,8.0,141,12
485,324,9,0.0,23,0.0,81,7,0.0,0.0,50,9.0,133,12
486,324,11,2.0,30,3.0,73,5,0.0,0.0,50,6.0,132,12
487,324,6,0.0,28,0.0,83,8,0.0,0.0,53,7.0,126,13
488,324,5,1.0,17,3.0,70,8,1.0,0.0,54,4.0,149,12
489,324,7,0.0,27,2.0,79,3,0.0,0.0,59,7.0,124,16
490,324,6,3.0,29,1.0,68,9,1.0,0.0,69,2.0,123,13
491,324,11,0.0,23,2.0,78,10,0.0,0.0,58,1.0,126,15
492,324,5,1.0,16,4.0,77,1,0.0,0.0,52,8.0,146,14
493,324,6,1.0,26,5.0,66,7,0.0,0.0,56,7.0,142,8
494,324,11,1.0,21,3.0,94,8,0.0,0.0,54,9.0,116,7
495,324,8,3.0,18,6.0,81,1,0.0,0.0,49,6.0,140,12
496,324,12,0.0,13,3.0,76,8,1.0,0.0,58,6.0,136,11
497,324,11,1.0,23,2.0,79,8,0.0,0.0,54,6.0,129,11
498,324,5,1.0,27,1.0,64,7,0.0,0.0,58,7.0,142,12
499,324,13,0.0,29,4.0,73,6,0.0,0.0,60,6.0,121,12
500,324,6,4.0,20,3.0,71,9,0.0,0.0,47,2.0,152,10
501,324,8,0.0,24,1.0,73,4,1.0,0.0,50,6.0,140,17
502,324,10,0.0,23,5.0,74,7,0.0,1.0,49,4.0,140,11
503,324,11,0.0,35,5.0,72,13,0.0,0.0,35,3.0,143,7
504,324,12,1.0,16,2.0,77,4,0.0,0.0,53,6.0,138,15
505,324,8,2.0,23,4.0,80,7,0.0,0.0,50,7.0,135,8
506,324,12,1.0,21,3.0,70,5,0.0,0.0,57,6.0,136,13
507,324,9,1.0,20,1.0,85,9,0.0,0.0,61,1.0,121,16
508,324,9,0.0,17,4.0,73,5,1.0,0.0,55,7.0,141,12
509,324,7,0.0,22,1.0,81,9,1.0,0.0,52,8.0,133,10
510,324,6,2.0,32,1.0,77,6,0.0,0.0,42,7.0,139,12
511,324,6,0.0,26,4.0,82,6,0.0,0.0,45,3.0,137,15
512,324,6,0.0,24,0.0,77,6,0.0,0.0,56,8.0,133,14
513,324,6,1.0,27,5.0,68,8,0.0,0.0,61,1.0,134,13
514,324,7,2.0,22,3.0,81,8,0.0,0.0,57,5.0,129,10
515,324,10,0.0,20,2.0,74,10,0.0,0.0,54,5.0,138,11
516,324,10,1.0,30,1.0,84,5,2.0,0.0,47,10.0,123,11
517,324,10,1.0,18,1.0,74,7,0.0,0.0,47,7.0,147,12
518,324,14,0.0,17,3.0,71,5,0.0,0.0,53,3.0,141,17
519,324,4,1.0,20,1.0,70,6,0.0,0.0,47,7.0,155,13
520,324,9,1.0,22,2.0,63,5,0.0,0.0,60,5.0,142,15
521,324,7,1.0,26,3.0,77,8,1.0,0.0,59,5.0,126,11
522,324,9,2.0,14,2.0,90,8,1.0,0.0,51,5.0,131,11
523,324,11,1.0,30,3.0,73,8,0.0,0.0,43,2.0,139,14
524,324,10,0.0,25,4.0,82,9,0.0,0.0,56,2.0,123,13
525,324,8,0.0,28,3.0,73,11,1.0,0.0,46,2.0,140,12
526,324,6,0.0,36,4.0,64,6,1.0,0.0,48,5.0,141,13
527,324,9,0.0,30,1.0,71,8,0.0,0.0,56,5.0,130,14
528,324,8,0.0,27,1.0,65,5,0.0,0.0,53,6.0,143,16
529,324,11,0.0,20,4.0,69,5,0.0,0.0,57,7.0,139,12
530,324,12,2.0,33,4.0,68,9,1.0,0.0,46,4.0,136,9
531,324,8,0.0,28,3.0,71,5,0.0,0.0,53,7.0,136,13
532,324,9,2.0,24,2.0,81,4,1.0,0.0,49,7.0,132,13
533,324,3,1.0,24,2.0,71,9,0.0,0.0,56,4.0,142,12
534,324,8,0.0,22,2.0,84,8,0.0,0.0,35,6.0,147,12
535,324,13,2.0,25,0.0,77,11,0.0,0.0,59,5.0,122,10
536,324,4,1.0,26,1.0,77,9,0.0,0.0,57,2.0,132,15
537,324,11,0.0,23,5.0,84,5,0.0,0.0,41,4.0,137,14
538,324,17,0.0,24,5.0,78,5,0.0,0.0,48,5.0,129,13
539,324,11,1.0,24,2.0,69,5,0.0,0.0,47,4.0,145,16
540,324,7,1.0,25,4.0,78,6,0.0,0.0,51,3.0,135,14
541,324,8,1.0,21,3.0,66,5,1.0,0.0,57,5.0,143,14
542,324,7,0.0,25,2.0,77,10,0.0,0.0,51,3.0,136,13
543,324,9,2.0,24,1.0,81,9,0.0,0.0,59,5.0,123,11
544,324,6,2.0,21,0.0,87,4,0.0,0.0,51,3.0,131,19
545,324,9,1.0,27,4.0,66,11,1.0,0.0,49,3.0,144,9
546,324,5,2.0,27,3.0,63,4,1.0,0.0,54,4.0,146,15
547,324,6,0.0,26,2.0,76,10,1.0,0.0,50,4.0,137,12
548,324,7,1.0,21,2.0,77,5,1.0,0.0,53,2.0,137,18
549,324,7,2.0,25,1.0,64,9,0.0,0.0,59,2.0,141,14
550,324,12,2.0,26,0.0,75,8,1.0,0.0,53,5.0,129,13
551,324,10,1.0,20,3.0,79,8,1.0,0.0,56,5.0,130,11
552,324,14,0.0,16,2.0,72,8,0.0,0.0,58,4.0,136,14
553,324,5,2.0,14,6.0,65,3,1.0,0.0,55,2.0,156,15
554,324,10,1.0,13,4.0,69,6,0.0,0.0,58,4.0,146,13
555,324,6,1.0,24,1.0,75,7,0.0,0.0,59,7.0,132,12
556,324,1,3.0,26,1.0,60,6,0.0,0.0,60,5.0,149,13
557,324,9,0.0,33,1.0,65,9,0.0,0.0,55,4.0,134,14
558,324,11,0.0,32,1.0,66,6,0.0,0.0,57,6.0,130,15
559,324,6,0.0,17,4.0,63,9,1.0,1.0,65,5.0,144,9
560,324,6,0.0,35,8.0,74,7,0.0,0.0,49,2.0,132,11
561,324,8,0.0,35,1.0,72,10,0.0,0.0,47,2.0,134,15
562,324,11,0.0,22,2.0,72,9,0.0,0.0,57,4.0,134,13
563,324,12,0.0,30,4.0,86,4,0.0,0.0,45,6.0,123,14
564,324,14,1.0,24,6.0,66,9,1.0,0.0,52,4.0,139,8
565,324,5,1.0,30,3.0,79,7,0.0,0.0,51,6.0,131,11
566,324,8,0.0,20,4.0,69,6,0.0,0.0,65,3.0,134,15
567,324,9,1.0,31,3.0,69,4,1.0,0.0,58,4.0,128,16
568,324,10,0.0,27,4.0,80,3,0.0,0.0,39,5.0,140,16
569,324,12,1.0,28,0.0,76,13,0.0,0.0,48,3.0,132,11
570,324,16,0.0,31,3.0,79,8,0.0,0.0,45,6.0,125,11
571,324,12,1.0,26,3.0,69,10,0.0,0.0,55,4.0,134,10
572,324,5,0.0,21,0.0,79,8,0.0,0.0,54,5.0,137,15
573,324,10,1.0,24,2.0,64,4,0.0,0.0,57,4.0,141,17
574,324,9,0.0,29,5.0,62,9,0.0,0.0,53,5.0,143,9
575,324,8,0.0,24,4.0,68,7,0.0,0.0,57,6.0,139,11
576,324,17,1.0,30,2.0,81,9,1.0,0.0,40,5.0,127,11
577,324,9,1.0,33,1.0,71,15,0.0,0.0,51,1.0,132,10
578,324,8,0.0,17,2.0,67,8,0.0,0.0,60,6.0,144,12
579,324,13,0.0,15,1.0,73,11,1.0,0.0,46,4.0,148,12
580,324,5,0.0,24,1.0,66,7,0.0,0.0,52,4.0,149,16
581,324,9,0.0,32,1.0,77,8,1.0,0.0,40,7.0,137,12
582,324,11,1.0,30,4.0,81,5,0.0,0.0,54,4.0,120,14
583,324,8,0.0,25,2.0,72,4,0.0,0.0,47,8.0,144,14
584,324,7,2.0,24,4.0,92,6,0.0,0.0,57,5.0,116,11
585,324,6,1.0,31,0.0,74,9,0.0,0.0,53,2.0,132,16
586,324,8,2.0,21,2.0,86,4,1.0,0.0,46,8.0,134,12
587,324,10,0.0,27,1.0,62,7,0.0,0.0,56,3.0,141,17
588,324,7,3.0,20,4.0,72,5,0.0,0.0,52,1.0,145,15
589,324,6,1.0,31,2.0,68,5,0.0,0.0,52,7.0,139,13
590,324,8,0.0,26,4.0,82,6,0.0,0.0,60,7.0,120,11
591,324,14,0.0,9,0.0,80,7,0.0,0.0,50,4.0,143,17
592,324,8,0.0,28,3.0,79,5,0.0,0.0,52,6.0,129,14
593,324,6,0.0,28,5.0,85,11,0.0,0.0,47,5.0,130,7
594,324,16,2.0,20,4.0,78,9,0.0,0.0,50,4.0,132,9
595,324,9,0.0,30,3.0,66,5,0.0,0.0,46,7.0,145,13
596,324,4,1.0,37,3.0,59,8,0.0,0.0,45,3.0,151,13
597,324,7,1.0,17,1.0,81,6,0.0,0.0,71,10.0,120,10
598,324,10,1.0,21,1.0,72,10,1.0,0.0,45,8.0,147,8
599,324,13,0.0,27,3.0,78,6,0.0,0.0,47,6.0,131,13
600,324,3,0.0,24,3.0,78,4,0.0,0.0,59,3.0,132,18
601,324,8,0.0,27,2.0,79,11,1.0,0.0,48,5.0,133,10
602,324,5,0.0,32,1.0,79,12,0.0,0.0,56,5.0,124,10
603,324,4,0.0,25,2.0,68,8,0.0,0.0,52,5.0,147,13
604,324,12,0.0,18,3.0,76,6,2.0,0.0,64,5.0,124,14
605,324,8,1.0,29,3.0,80,8,1.0,0.0,56,4.0,122,12
606,324,7,0.0,29,3.0,79,5,0.0,0.0,59,5.0,122,15
607,324,5,0.0,25,0.0,76,6,0.0,0.0,56,7.0,134,15
608,324,7,1.0,26,1.0,77,6,0.0,0.0,45,5.0,141,15
609,324,10,1.0,24,2.0,78,4,0.0,0.0,57,5.0,127,16
610,324,4,0.0,20,5.0,69,8,0.0,0.0,59,6.0,144,9
611,324,6,0.0,20,2.0,81,13,0.0,0.0,46,4.0,143,9
612,324,16,2.0,21,3.0,74,8,0.0,0.0,58,3.0,127,12
613,324,9,2.0,24,1.0,69,7,0.0,0.0,54,2.0,140,16
614,324,8,1.0,21,1.0,78,7,1.0,0.0,52,2.0,136,17
615,324,10,1.0,33,1.0,76,8,0.0,0.0,42,8.0,135,10
616,324,8,1.0,23,2.0,72,6,0.0,0.0,59,6.0,134,13
617,324,7,2.0,18,2.0,76,10,0.0,0.0,60,2.0,135,12
618,324,9,0.0,26,3.0,78,6,2.0,0.0,52,8.0,129,11
619,324,11,1.0,32,3.0,70,6,0.0,0.0,59,5.0,124,13
620,324,12,0.0,27,0.0,79,4,0.0,0.0,51,7.0,127,17
621,324,8,3.0,31,2.0,76,7,0.0,0.0,47,6.0,134,10
622,324,7,1.0,25,2.0,62,7,0.0,0.0,60,8.0,142,10
623,324,6,3.0,23,4.0,84,5,0.0,0.0,59,5.0,124,11
624,324,4,0.0,25,2.0,56,7,0.0,0.0,59,6.0,152,13
625,324,5,1.0,26,2.0,69,11,0.0,0.0,52,2.0,144,12
626,324,12,0.0,24,0.0,75,9,1.0,0.0,47,7.0,137,12
627,324,7,0.0,27,4.0,86,11,1.0,0.0,48,6.0,127,7
628,324,11,1.0,19,1.0,80,7,1.0,0.0,55,6.0,130,13
629,324,8,0.0,20,0.0,69,8,1.0,0.0,57,5.0,141,15
630,324,10,0.0,33,2.0,66,8,0.0,0.0,55,9.0,132,9
631,324,2,2.0,21,1.0,74,7,1.0,0.0,52,4.0,146,14
632,324,12,0.0,28,4.0,78,6,0.0,1.0,57,6.0,121,11
633,324,6,0.0,25,1.0,73,8,0.0,0.0,51,8.0,141,11
634,324,12,0.0,22,1.0,71,12,0.0,0.0,57,5.0,134,10
635,324,5,1.0,24,0.0,70,8,1.0,0.0,56,4.0,140,15
636,324,13,1.0,27,4.0,67,8,0.0,0.0,55,4.0,134,11
637,324,11,1.0,18,2.0,100,4,0.0,0.0,46,10.0,121,11
638,324,8,0.0,23,4.0,79,9,1.0,0.0,53,3.0,132,12
639,324,11,1.0,30,2.0,64,6,0.0,0.0,51,4.0,140,15
640,324,9,0.0,23,2.0,77,10,0.0,0.0,51,3.0,136,13
641,324,12,4.0,36,1.0,66,5,0.0,0.0,54,4.0,128,14
642,324,8,1.0,18,2.0,76,7,0.0,0.0,52,4.0,142,14
643,324,12,0.0,30,3.0,69,2,0.0,0.0,59,8.0,126,15
644,324,9,0.0,15,3.0,76,4,1.0,0.0,59,5.0,136,16
645,324,5,1.0,34,2.0,80,5,1.0,0.0,53,7.0,123,13
646,324,9,1.0,20,3.0,100,9,1.0,0.0,41,5.0,125,10
647,324,9,1.0,27,1.0,72,7,0.0,0.0,52,5.0,136,14
648,324,10,2.0,23,2.0,83,9,1.0,0.0,48,6.0,131,9
649,324,7,0.0,33,1.0,73,7,0.0,0.0,58,6.0,125,14
650,324,3,2.0,18,4.0,76,8,0.0,0.0,57,2.0,142,12
651,324,9,0.0,23,1.0,87,7,0.0,1.0,41,8.0,136,11
652,324,8,1.0,32,1.0,71,14,0.0,0.0,52,2.0,133,10
653,324,5,1.0,23,3.0,80,8,0.0,0.0,57,5.0,131,11
654,324,5,0.0,25,1.0,65,10,1.0,0.0,57,3.0,143,14
655,324,12,0.0,23,1.0,69,8,0.0,0.0,52,5.0,140,14
656,324,10,1.0,26,4.0,83,4,1.0,0.0,53,3.0,123,16
657,324,10,0.0,26,2.0,62,7,0.0,0.0,59,7.0,139,12
658,324,6,1.0,29,3.0,80,5,0.0,0.0,42,5.0,139,14
659,324,10,1.0,24,2.0,83,4,0.0,0.0,54,10.0,125,11
660,324,11,2.0,15,2.0,80,6,1.0,0.0,56,5.0,133,13
661,324,10,0.0,26,3.0,83,3,2.0,0.0,58,6.0,117,16
662,324,7,1.0,24,2.0,72,4,0.0,0.0,68,7.0,125,14
663,324,6,0.0,19,5.0,78,8,2.0,0.0,70,3.0,121,12
664,324,10,0.0,25,3.0,71,6,0.0,0.0,62,7.0,128,12
665,324,7,1.0,20,2.0,91,10,0.0,0.0,48,6.0,130,9
666,324,6,1.0,22,0.0,80,11,1.0,0.0,41,4.0,146,12
667,324,8,1.0,22,0.0,77,8,0.0,0.0,62,9.0,127,10
668,324,9,0.0,32,5.0,82,7,0.0,0.0,36,6.0,137,10
669,324,5,1.0,20,4.0,85,6,0.0,0.0,53,5.0,133,12
670,324,10,0.0,21,0.0,84,6,0.0,0.0,44,6.0,137,16
671,324,12,1.0,31,3.0,67,9,0.0,0.0,52,5.0,134,10
672,324,9,0.0,31,3.0,82,4,0.0,0.0,45,7.0,129,14
673,324,7,1.0,17,2.0,89,10,0.0,0.0,52,2.0,131,13
674,324,5,2.0,20,4.0,76,8,1.0,0.0,65,5.0,129,9
675,324,9,3.0,24,2.0,69,6,0.0,0.0,60,2.0,134,15
676,324,5,0.0,20,0.0,72,9,0.0,0.0,56,4.0,143,15
677,324,10,1.0,25,3.0,74,6,0.0,0.0,53,2.0,134,16
678,324,11,1.0,29,2.0,68,7,1.0,0.0,44,5.0,143,13
679,324,17,1.0,26,1.0,79,7,0.0,0.0,54,7.0,120,12
680,324,12,0.0,28,6.0,72,6,0.0,0.0,51,4.0,133,12
681,324,7,0.0,23,2.0,96,8,1.0,0.0,40,4.0,129,14
682,324,12,1.0,32,3.0,76,7,0.0,0.0,59,7.0,117,10
683,324,13,1.0,25,1.0,79,9,0.0,0.0,61,6.0,118,11
684,324,5,1.0,20,1.0,80,9,0.0,0.0,55,7.0,136,10
685,324,8,1.0,28,3.0,74,7,0.0,0.0,46,2.0,140,15
686,324,10,2.0,30,2.0,75,7,0.0,0.0,39,2.0,142,15
687,324,5,2.0,27,6.0,87,3,0.0,0.0,54,6.0,123,11
688,324,4,1.0,27,1.0,73,12,0.0,0.0,52,5.0,140,9
689,324,4,1.0,23,3.0,86,9,0.0,0.0,58,3.0,125,12
690,324,7,0.0,30,3.0,82,6,0.0,0.0,54,6.0,123,13
691,324,10,1.0,27,4.0,73,9,1.0,0.0,46,2.0,139,12
692,324,7,1.0,25,2.0,92,7,0.0,0.0,70,5.0,102,13
693,324,3,0.0,33,3.0,90,8,0.0,0.0,39,2.0,131,15
694,324,11,0.0,28,4.0,62,7,0.0,0.0,59,7.0,136,10
695,324,8,0.0,34,1.0,73,10,0.0,0.0,54,8.0,127,9
696,324,10,0.0,24,2.0,64,4,1.0,0.0,53,9.0,144,13
697,324,8,1.0,20,2.0,79,6,0.0,0.0,64,6.0,125,13
698,324,8,2.0,23,2.0,78,10,0.0,0.0,52,6.0,135,8
699,324,11,1.0,23,2.0,73,5,0.0,0.0,60,10.0,129,10
700,324,4,3.0,27,0.0,81,10,2.0,1.0,42,6.0,140,8
701,324,2,2.0,31,2.0,83,12,0.0,0.0,65,3.0,115,9
702,324,9,1.0,29,0.0,73,8,0.0,0.0,60,6.0,125,13
703,324,17,0.0,21,1.0,68,7,0.0,0.0,56,4.0,134,16
704,324,5,2.0,23,3.0,77,11,0.0,0.0,66,4.0,125,8
705,324,12,1.0,31,5.0,89,5,0.0,0.0,47,3.0,117,14
706,324,4,2.0,30,1.0,79,13,0.0,0.0,40,6.0,143,6
707,324,16,0.0,21,2.0,69,7,0.0,0.0,63,3.0,127,16
708,324,9,1.0,18,3.0,84,7,0.0,0.0,55,4.0,130,13
709,324,5,0.0,26,3.0,81,6,0.0,0.0,51,7.0,133,12
710,324,12,0.0,23,1.0,83,10,1.0,1.0,52,4.0,125,12
711,324,14,0.0,21,0.0,83,6,0.0,0.0,56,11.0,122,11
712,324,10,1.0,29,2.0,62,6,0.0,0.0,56,6.0,139,13
713,324,8,1.0,20,2.0,83,6,0.0,0.0,57,6.0,128,13
714,324,8,0.0,24,1.0,68,10,0.0,0.0,44,7.0,152,10
715,324,6,3.0,29,0.0,63,8,0.0,0.0,60,3.0,138,14
716,324,12,2.0,27,1.0,76,8,0.0,0.0,50,4.0,131,13
717,324,13,0.0,27,3.0,73,10,0.0,0.0,55,6.0,128,9
718,324,12,0.0,27,0.0,73,10,1.0,0.0,60,6.0,123,12
719,324,8,0.0,26,1.0,63,9,0.0,0.0,57,5.0,142,13
720,324,11,0.0,25,1.0,85,8,0.0,0.0,50,6.0,125,13
721,324,11,0.0,24,5.0,80,2,0.0,0.0,48,4.0,133,17
722,324,5,0.0,21,3.0,72,7,0.0,0.0,54,6.0,144,12
723,324,8,3.0,26,3.0,77,4,0.0,0.0,68,7.0,117,11
724,324,10,1.0,27,0.0,76,10,2.0,0.0,39,4.0,142,13
725,324,7,2.0,29,1.0,76,6,0.0,0.0,48,4.0,136,15
726,324,7,2.0,24,3.0,90,9,1.0,0.0,53,2.0,121,12
727,324,10,0.0,23,3.0,82,7,0.0,0.0,44,5.0,137,13
728,324,7,0.0,27,1.0,77,8,1.0,0.0,46,6.0,138,13
729,324,12,2.0,31,2.0,83,11,1.0,0.0,50,2.0,119,11
730,324,11,1.0,23,3.0,72,9,0.0,0.0,58,3.0,132,12
731,324,3,1.0,23,3.0,79,9,0.0,0.0,65,2.0,126,13
732,324,15,0.0,24,0.0,74,11,1.0,0.0,54,7.0,128,10
733,324,5,0.0,28,1.0,74,8,0.0,0.0,50,3.0,139,16
734,324,11,0.0,27,1.0,65,9,0.0,0.0,65,6.0,128,12
735,324,9,0.0,30,3.0,67,8,1.0,0.0,50,5.0,139,12
736,324,9,1.0,25,1.0,88,4,0.0,0.0,39,6.0,135,16
737,324,7,3.0,27,1.0,65,5,0.0,0.0,54,5.0,143,14
738,324,8,1.0,27,3.0,68,7,1.0,0.0,45,6.0,147,11
739,324,7,0.0,25,3.0,71,6,0.0,0.0,55,6.0,138,13
740,324,11,2.0,30,1.0,85,8,0.0,0.0,43,3.0,127,14
741,324,13,1.0,29,3.0,76,7,0.0,0.0,43,5.0,135,12
742,324,6,0.0,32,1.0,72,8,0.0,0.0,53,3.0,133,16
743,324,10,4.0,19,3.0,89,4,0.0,0.0,58,4.0,120,13
744,324,6,1.0,24,8.0,79,3,0.0,0.0,60,8.0,127,8
745,324,9,0.0,30,3.0,69,5,0.0,0.0,56,5.0,132,15
746,324,10,2.0,30,2.0,72,8,0.0,0.0,56,5.0,128,11
747,324,7,1.0,38,4.0,66,5,0.0,0.0,53,4.0,132,14
748,324,6,3.0,21,2.0,92,7,0.0,0.0,50,5.0,127,11
749,324,11,0.0,18,0.0,79,9,1.0,0.0,68,7.0,119,12
750,324,8,0.0,29,1.0,80,6,0.0,0.0,53,3.0,126,18
751,324,7,0.0,31,2.0,68,6,0.0,0.0,59,6.0,131,14
752,324,10,0.0,24,1.0,82,11,0.0,0.0,56,6.0,124,10
753,324,9,2.0,18,3.0,92,9,0.0,0.0,50,4.0,127,10
754,324,8,0.0,27,4.0,65,3,1.0,0.0,54,4.0,141,17
755,324,9,0.0,22,2.0,72,5,0.0,0.0,46,6.0,147,15
756,324,10,1.0,27,1.0,70,3,0.0,0.0,49,6.0,140,17
757,324,5,2.0,30,1.0,67,7,1.0,0.0,50,3.0,143,15
758,324,7,1.0,21,2.0,76,6,2.0,0.0,63,9.0,127,10
759,324,5,0.0,21,3.0,72,7,2.0,0.0,73,1.0,123,17
760,324,7,1.0,22,1.0,71,9,1.0,0.0,63,4.0,132,13
761,324,11,0.0,26,0.0,71,10,1.0,0.0,49,7.0,138,11
762,324,9,0.0,19,2.0,76,8,0.0,0.0,54,5.0,138,13
763,324,10,3.0,25,3.0,68,6,0.0,0.0,65,3.0,128,13
764,324,12,0.0,27,3.0,74,7,0.0,0.0,50,5.0,133,13
765,324,8,0.0,27,3.0,77,13,1.0,0.0,73,3.0,110,9
766,324,4,0.0,21,1.0,79,14,0.0,0.0,51,4.0,141,9
767,324,6,0.0,22,5.0,61,9,1.0,0.0,59,3.0,147,11
768,324,8,1.0,19,4.0,81,7,0.0,0.0,53,6.0,135,10
769,324,5,2.0,28,1.0,69,9,0.0,0.0,58,5.0,136,11
770,324,6,0.0,24,7.0,67,5,0.0,0.0,63,5.0,136,11
771,324,6,2.0,19,2.0,77,7,0.0,1.0,68,7.0,126,9
772,324,14,0.0,24,2.0,65,11,0.0,0.0,56,3.0,137,12
773,324,15,0.0,23,2.0,85,9,1.0,0.0,51,7.0,121,10
774,324,9,2.0,25,1.0,63,9,1.0,0.0,49,7.0,149,9
775,324,7,0.0,30,2.0,67,7,0.0,0.0,52,2.0,140,17
776,324,16,2.0,29,0.0,86,7,0.0,0.0,40,5.0,125,14
777,324,7,1.0,31,0.0,79,7,0.0,0.0,61,6.0,118,14
778,324,13,1.0,24,1.0,71,10,0.0,0.0,53,4.0,135,12
779,324,7,2.0,30,2.0,86,6,1.0,0.0,57,8.0,115,10
780,324,11,0.0,21,2.0,70,5,0.0,0.0,54,7.0,140,14
781,324,5,1.0,29,4.0,77,5,0.0,0.0,50,6.0,135,12
782,324,9,0.0,22,2.0,76,6,0.0,0.0,53,3.0,136,17
783,324,10,0.0,25,2.0,84,3,0.0,0.0,63,5.0,114,18
784,324,6,0.0,26,1.0,82,5,0.0,0.0,47,9.0,135,13
785,324,7,1.0,25,3.0,74,7,1.0,0.0,58,4.0,131,13
786,324,9,2.0,29,4.0,61,12,1.0,0.0,55,4.0,141,6
787,324,3,1.0,19,1.0,82,11,0.0,0.0,58,1.0,134,14
788,324,11,0.0,23,4.0,72,9,1.0,0.0,55,5.0,134,10
789,324,8,1.0,24,0.0,77,8,0.0,0.0,52,3.0,135,16
790,324,8,1.0,24,3.0,82,3,1.0,0.0,63,7.0,118,14
791,324,11,0.0,34,4.0,62,5,1.0,0.0,54,2.0,134,17
792,324,13,2.0,27,2.0,82,5,0.0,0.0,49,5.0,125,14
793,324,7,1.0,22,2.0,70,5,0.0,0.0,53,5.0,144,15
794,324,9,0.0,31,3.0,70,13,0.0,0.0,58,3.0,128,9
795,324,11,0.0,17,2.0,79,12,0.0,0.0,56,4.0,133,10
796,324,6,0.0,27,4.0,84,7,0.0,0.0,51,4.0,128,13
797,324,11,1.0,24,3.0,69,7,0.0,0.0,57,8.0,135,9
798,324,9,2.0,27,0.0,71,7,0.0,0.0,48,3.0,141,16
799,324,8,1.0,24,1.0,73,9,0.0,0.0,52,9.0,139,8
800,324,5,1.0,28,1.0,76,10,0.0,0.0,46,6.0,141,10
801,324,7,3.0,21,3.0,68,7,0.0,0.0,52,6.0,148,9
802,324,13,1.0,27,2.0,70,8,1.0,0.0,55,4.0,130,13
803,324,11,0.0,30,1.0,80,7,0.0,0.0,56,7.0,119,13
804,324,5,0.0,32,0.0,72,6,0.0,0.0,51,2.0,136,20
805,324,11,0.0,21,4.0,67,5,1.0,0.0,59,5.0,137,14
806,324,6,1.0,28,0.0,79,10,0.0,0.0,49,6.0,134,11
807,324,9,1.0,29,3.0,66,4,2.0,1.0,56,2.0,134,17
808,324,9,0.0,18,2.0,80,10,0.0,0.0,51,6.0,138,10
809,324,13,0.0,22,5.0,74,5,0.0,0.0,65,3.0,122,15
810,324,7,1.0,23,0.0,82,7,1.0,0.0,47,6.0,136,14
811,324,8,0.0,27,4.0,75,6,0.0,0.0,54,2.0,132,16
812,324,7,3.0,27,4.0,71,5,0.0,0.0,48,3.0,143,13
813,324,7,0.0,28,1.0,62,3,0.0,0.0,63,6.0,136,18
814,324,10,2.0,25,1.0,72,6,0.0,0.0,47,4.0,142,15
815,324,13,0.0,18,3.0,96,9,0.0,0.0,48,3.0,121,13
816,324,12,0.0,29,3.0,70,7,0.0,0.0,58,8.0,127,10
817,324,10,1.0,25,2.0,75,5,0.0,0.0,39,6.0,147,14
818,324,9,3.0,33,2.0,74,8,2.0,0.0,50,5.0,128,10
819,324,8,2.0,20,2.0,83,6,0.0,0.0,46,9.0,139,9
820,324,12,2.0,24,4.0,85,7,0.0,0.0,46,2.0,129,13
821,324,7,0.0,30,7.0,76,3,0.0,0.0,48,4.0,135,14
822,324,8,2.0,24,2.0,82,6,0.0,0.0,53,4.0,129,14
823,324,7,2.0,25,3.0,76,7,0.0,0.0,50,6.0,138,10
824,324,8,1.0,25,1.0,80,8,0.0,0.0,47,3.0,136,15
825,324,6,2.0,21,7.0,81,4,0.0,0.0,60,3.0,128,12
826,324,8,2.0,26,3.0,74,5,0.0,0.0,53,4.0,135,14
827,324,9,0.0,25,2.0,81,12,0.0,0.0,49,3.0,132,11
828,324,13,1.0,22,1.0,74,6,0.0,0.0,43,7.0,144,13
829,324,8,0.0,22,4.0,89,8,0.0,0.0,59,1.0,118,15
830,324,10,0.0,21,1.0,87,5,1.0,0.0,54,5.0,123,17
831,324,5,2.0,23,3.0,78,2,0.0,0.0,57,5.0,133,16
832,324,7,2.0,26,1.0,75,10,0.0,0.0,59,4.0,129,11
833,324,10,1.0,26,4.0,82,8,0.0,0.0,43,4.0,135,11
834,324,9,0.0,24,5.0,85,7,0.0,0.0,46,7.0,132,9
835,324,8,2.0,28,2.0,86,7,1.0,0.0,52,3.0,121,14
836,324,6,0.0,34,1.0,65,7,0.0,0.0,54,5.0,137,15
837,324,11,0.0,20,1.0,83,7,0.0,0.0,53,5.0,129,15
838,324,10,2.0,31,2.0,75,5,1.0,0.0,49,4.0,130,15
839,324,14,1.0,30,1.0,61,3,0.0,0.0,56,10.0,135,13
840,324,9,0.0,25,3.0,74,8,0.0,0.0,46,3.0,142,14
841,324,7,2.0,25,4.0,77,5,0.0,0.0,49,6.0,138,11
842,324,4,1.0,23,1.0,73,9,0.0,0.0,63,5.0,133,12
843,324,13,0.0,28,2.0,70,9,0.0,0.0,51,7.0,134,10
844,324,9,0.0,26,0.0,76,15,0.0,0.0,54,0.0,131,13
845,324,4,3.0,26,2.0,82,5,0.0,0.0,52,5.0,132,13
846,324,11,3.0,25,1.0,68,5,1.0,0.0,62,8.0,129,11
847,324,5,2.0,24,0.0,73,10,0.0,0.0,56,3.0,138,13
848,324,6,1.0,23,1.0,87,5,0.0,0.0,59,3.0,121,18
849,324,6,1.0,37,1.0,74,10,1.0,0.0,51,6.0,127,10
850,324,10,2.0,17,2.0,74,8,0.0,0.0,53,3.0,142,13
851,324,10,2.0,22,3.0,72,6,0.0,0.0,55,3.0,137,14
852,324,9,0.0,26,1.0,70,9,0.0,0.0,51,5.0,140,13
853,324,11,0.0,24,6.0,83,5,0.0,0.0,43,2.0,135,15
854,324,8,0.0,18,2.0,82,7,0.0,0.0,48,5.0,140,14
855,324,8,1.0,23,0.0,70,8,0.0,0.0,60,7.0,135,12
856,324,8,0.0,30,2.0,70,9,1.0,0.0,53,4.0,134,13
857,324,13,2.0,24,0.0,69,7,0.0,0.0,58,4.0,132,15
858,324,11,0.0,22,4.0,65,6,0.0,0.0,54,3.0,144,15
859,324,9,0.0,21,2.0,79,8,0.0,0.0,43,4.0,144,14
860,324,8,1.0,28,3.0,68,4,0.0,0.0,42,6.0,150,14
861,324,9,1.0,23,3.0,73,8,2.0,0.0,51,3.0,138,13
862,324,7,0.0,27,6.0,70,9,0.0,0.0,54,6.0,138,7
863,324,8,0.0,22,0.0,73,14,0.0,0.0,48,4.0,145,10
864,324,11,2.0,16,3.0,80,4,0.0,0.0,46,2.0,143,17
865,324,6,1.0,30,3.0,74,10,0.0,1.0,49,1.0,137,12
866,324,7,2.0,25,1.0,64,8,0.0,0.0,59,6.0,141,11
867,324,8,1.0,21,1.0,86,10,1.0,0.0,48,3.0,132,13
868,324,6,2.0,25,1.0,71,5,0.0,0.0,44,4.0,150,16
869,324,3,2.0,22,2.0,85,6,0.0,0.0,58,6.0,128,12
870,324,10,0.0,35,3.0,73,6,0.0,0.0,59,5.0,119,14
871,324,7,1.0,37,0.0,79,6,0.0,0.0,47,7.0,126,14
872,324,6,1.0,24,2.0,77,9,0.0,0.0,57,3.0,132,13
873,324,6,0.0,25,3.0,77,6,0.0,0.0,54,4.0,134,15
874,324,7,1.0,21,2.0,88,10,0.0,0.0,54,9.0,126,6
875,324,4,2.0,23,3.0,70,7,0.0,0.0,66,7.0,133,9
876,324,11,0.0,24,5.0,72,10,0.0,0.0,59,2.0,130,11
877,324,9,1.0,26,2.0,71,6,0.0,0.0,65,4.0,125,15
878,324,11,0.0,17,3.0,73,4,1.0,0.0,62,5.0,132,16
879,324,8,0.0,23,2.0,73,11,0.0,0.0,62,3.0,130,12
880,324,11,0.0,30,1.0,81,10,0.0,0.0,49,4.0,125,13
881,324,13,1.0,34,0.0,72,9,0.0,0.0,40,5.0,137,13
882,324,10,2.0,31,1.0,73,5,0.0,0.0,43,7.0,139,13
883,324,4,0.0,26,2.0,80,8,0.0,0.0,53,5.0,133,13
884,324,5,1.0,26,4.0,86,5,0.0,0.0,48,12.0,131,6
885,324,11,0.0,26,2.0,80,5,0.0,0.0,44,5.0,135,16
886,324,6,0.0,25,5.0,86,5,0.0,0.0,38,6.0,141,12
887,324,9,2.0,24,2.0,83,11,0.0,0.0,53,6.0,127,7
888,324,6,1.0,20,6.0,81,6,0.0,0.0,58,4.0,131,11
889,324,11,1.0,23,1.0,73,6,0.0,0.0,35,4.0,154,16
890,324,8,1.0,26,2.0,84,4,0.0,0.0,53,7.0,125,14
891,324,5,0.0,22,1.0,71,9,0.0,0.0,68,5.0,130,13
892,324,12,0.0,33,4.0,70,7,0.0,0.0,53,3.0,128,14
893,324,11,1.0,29,3.0,58,8,1.0,0.0,52,2.0,145,14
894,324,13,1.0,27,2.0,74,7,0.0,0.0,59,6.0,123,12
895,324,5,0.0,26,4.0,87,9,0.0,0.0,52,5.0,126,10
896,324,11,1.0,30,4.0,61,3,1.0,0.0,49,3.0,144,17
897,324,9,2.0,18,1.0,68,7,0.0,0.0,58,4.0,143,14
898,324,10,0.0,25,4.0,78,8,1.0,0.0,52,3.0,130,13
899,324,9,1.0,28,3.0,68,9,0.0,0.0,64,4.0,127,11
900,324,8,1.0,29,2.0,70,4,2.0,0.0,57,2.0,130,19
901,324,10,1.0,24,1.0,70,9,0.0,0.0,57,6.0,135,11
902,324,9,0.0,28,1.0,74,10,1.0,0.0,45,4.0,139,13
903,324,14,1.0,24,2.0,66,13,0.0,0.0,55,4.0,137,8
904,324,7,2.0,27,4.0,70,5,0.0,0.0,60,4.0,132,13
905,324,11,2.0,26,5.0,74,7,1.0,0.0,48,4.0,136,10
906,324,13,1.0,27,5.0,61,7,0.0,0.0,67,5.0,128,10
907,324,13,0.0,27,3.0,72,5,0.0,0.0,55,5.0,129,15
908,324,9,0.0,30,1.0,74,7,0.0,0.0,54,3.0,129,17
909,324,11,1.0,9,3.0,95,9,0.0,0.0,47,2.0,134,13
910,324,11,1.0,35,5.0,82,12,1.0,0.0,56,1.0,111,9
911,324,9,0.0,30,3.0,76,6,0.0,0.0,50,11.0,131,8
912,324,10,0.0,28,1.0,79,8,1.0,0.0,51,8.0,127,11
913,324,11,2.0,27,2.0,61,5,0.0,0.0,54,6.0,143,13
914,324,7,1.0,21,2.0,80,5,1.0,0.0,45,7.0,142,13
915,324,8,0.0,30,2.0,70,5,0.0,0.0,61,3.0,127,18
916,324,11,0.0,30,1.0,66,8,0.0,0.0,55,4.0,134,15
917,324,12,0.0,23,2.0,78,9,0.0,0.0,62,4.0,121,13
918,324,8,1.0,32,2.0,74,11,0.0,0.0,47,4.0,135,10
919,324,5,0.0,29,1.0,69,9,0.0,0.0,54,5.0,139,13
920,324,10,0.0,23,6.0,73,6,0.0,0.0,58,2.0,132,14
921,324,12,0.0,25,3.0,69,6,0.0,0.0,46,6.0,144,13
922,324,9,1.0,20,2.0,60,8,0.0,0.0,65,4.0,142,13
923,324,9,2.0,36,3.0,72,6,0.0,0.0,44,6.0,135,11
924,324,8,2.0,30,1.0,67,8,0.0,0.0,50,9.0,141,8
925,324,6,2.0,26,5.0,72,6,0.0,0.0,53,4.0,139,11
926,324,4,0.0,31,3.0,83,4,1.0,0.0,55,8.0,122,13
927,324,11,0.0,32,4.0,70,12,0.0,0.0,53,4.0,130,8
928,324,5,0.0,29,2.0,89,7,0.0,1.0,43,6.0,130,12
929,324,9,0.0,23,4.0,75,7,0.0,0.0,56,4.0,133,13
930,324,8,0.0,29,4.0,62,3,1.0,0.0,49,7.0,147,14
931,324,8,1.0,32,3.0,73,13,1.0,0.0,58,4.0,124,7
932,324,5,0.0,25,4.0,75,5,0.0,0.0,44,3.0,147,16
933,324,12,0.0,28,1.0,80,5,0.0,0.0,49,4.0,127,18
934,324,5,3.0,33,3.0,65,5,2.0,0.0,63,3.0,128,14
935,324,7,1.0,19,4.0,73,8,0.0,0.0,61,5.0,136,10
936,324,13,0.0,22,3.0,73,10,0.0,1.0,58,5.0,130,9
937,324,5,0.0,22,0.0,81,7,1.0,0.0,54,8.0,133,13
938,324,11,2.0,22,2.0,77,14,0.0,0.0,57,2.0,129,8
939,324,7,1.0,32,3.0,70,9,0.0,0.0,56,5.0,131,10
940,324,7,0.0,29,2.0,75,10,2.0,0.0,48,4.0,135,12
941,324,7,1.0,22,1.0,77,7,0.0,0.0,56,10.0,134,9
942,324,11,0.0,16,2.0,80,9,0.0,0.0,56,5.0,133,12
943,324,10,1.0,21,4.0,77,8,0.0,0.0,60,1.0,128,14
944,324,4,0.0,23,0.0,86,7,0.0,0.0,56,5.0,127,16
945,324,13,0.0,34,5.0,77,9,0.0,0.0,61,7.0,111,7
946,324,6,1.0,23,1.0,68,6,0.0,0.0,56,5.0,143,15
947,324,11,2.0,24,0.0,80,8,1.0,0.0,47,5.0,133,13
948,324,5,1.0,21,0.0,82,7,0.0,0.0,50,6.0,138,14
949,324,10,1.0,39,0.0,61,6,0.0,0.0,44,7.0,142,14
950,324,7,2.0,21,0.0,93,7,0.0,0.0,40,7.0,135,12
951,324,9,1.0,17,1.0,80,9,1.0,0.0,52,4.0,137,13
952,324,5,0.0,22,1.0,81,14,0.0,0.0,58,3.0,130,10
953,324,13,1.0,24,0.0,70,6,1.0,0.0,52,7.0,136,14
954,324,8,0.0,21,4.0,79,5,0.0,0.0,50,5.0,138,14
955,324,8,0.0,21,3.0,78,5,1.0,0.0,54,5.0,134,15
956,324,10,1.0,17,4.0,81,5,0.0,0.0,48,4.0,140,14
957,324,10,2.0,20,5.0,86,5,0.0,0.0,56,4.0,124,12
958,324,6,1.0,16,1.0,83,7,0.0,0.0,52,9.0,139,10
959,324,8,2.0,22,2.0,70,5,0.0,0.0,45,5.0,151,14
960,324,10,1.0,26,3.0,79,8,0.0,0.0,54,4.0,127,12
961,324,9,1.0,26,2.0,73,7,0.0,0.0,45,5.0,143,13
962,324,11,1.0,24,2.0,67,8,1.0,0.0,44,5.0,149,12
963,324,6,1.0,28,0.0,73,6,1.0,1.0,43,6.0,145,14
964,324,9,1.0,23,2.0,72,8,1.0,0.0,49,4.0,142,13
965,324,4,3.0,25,3.0,71,7,1.0,0.0,55,5.0,140,10
966,324,11,0.0,21,3.0,76,8,0.0,0.0,59,3.0,129,14
967,324,5,2.0,25,1.0,58,6,1.0,0.0,61,5.0,146,14
968,324,11,1.0,27,7.0,64,5,0.0,0.0,67,3.0,127,12
969,324,9,0.0,21,2.0,85,6,0.0,0.0,52,6.0,129,14
970,324,6,0.0,18,2.0,71,8,0.0,0.0,57,4.0,144,14
971,324,7,0.0,20,5.0,82,8,0.0,0.0,57,2.0,130,13
972,324,9,0.0,24,1.0,79,15,0.0,0.0,45,6.0,139,6
973,324,12,0.0,39,1.0,82,11,0.0,0.0,40,2.0,123,14
974,324,7,1.0,28,3.0,83,11,0.0,0.0,56,4.0,122,9
975,324,13,0.0,16,3.0,86,9,0.0,0.0,61,7.0,120,9
976,324,8,0.0,22,3.0,68,9,0.0,0.0,62,3.0,136,13
977,324,7,1.0,28,3.0,83,8,0.0,0.0,45,5.0,133,11
978,324,9,0.0,27,3.0,75,7,0.0,0.0,43,2.0,142,16
979,324,8,0.0,24,5.0,77,10,0.0,0.0,67,5.0,120,8
980,324,5,2.0,25,0.0,78,8,2.0,0.0,54,4.0,132,14
981,324,10,1.0,23,1.0,87,5,0.0,0.0,57,8.0,119,13
982,324,10,2.0,26,4.0,80,7,0.0,0.0,58,5.0,122,10
983,324,11,0.0,24,3.0,67,5,0.0,0.0,63,5.0,131,15
984,324,9,0.0,27,2.0,66,6,0.0,0.0,60,7.0,134,13
985,324,8,0.0,30,3.0,80,8,0.0,0.0,45,3.0,133,14
986,324,5,2.0,22,4.0,81,9,0.0,0.0,60,4.0,128,9
987,324,10,1.0,20,1.0,65,7,0.0,0.0,63,7.0,138,12
988,324,9,0.0,31,2.0,72,2,1.0,0.0,44,6.0,139,18
989,324,16,0.0,21,2.0,83,7,0.0,1.0,46,5.0,130,13
990,324,11,1.0,28,2.0,77,9,1.0,0.0,44,5.0,135,11
991,324,6,0.0,23,3.0,79,11,0.0,0.0,64,6.0,124,8
992,324,11,1.0,30,3.0,75,4,0.0,0.0,52,5.0,128,15
993,324,12,1.0,23,5.0,66,5,0.0,0.0,60,5.0,135,12
994,324,10,1.0,29,1.0,70,4,0.0,0.0,55,10.0,132,12
995,324,11,1.0,21,4.0,62,11,0.0,0.0,64,4.0,138,8
996,324,12,1.0,26,2.0,81,6,1.0,0.0,50,6.0,126,13
997,324,3,0.0,17,2.0,76,9,1.0,0.0,51,4.0,148,13
998,324,3,1.0,31,6.0,70,5,0.0,0.0,56,5.0,136,11
999,324,7,2.0,26,7.0,71,3,0.0,0.0,54,6.0,138,10
